ID,school,male,age,financialKnowledge,overconfidence,pref_Disc,pref_RiskAver,pref_LossAver,question_15_gpt_w_pref,question_16_gpt_w_pref,question_17_gpt_w_pref,question_18_gpt_w_pref,question_15_gpt_wo_pref,question_16_gpt_wo_pref,question_17_gpt_wo_pref,question_18_gpt_wo_pref,question_15_survey,question_16_survey,question_18_survey
1001,20181203,0,16.0,7.0,-4.0,0.0,1.0,1.0,1,0,1,0,3,0,1,0,1.0,1.0,0.0
1002,20181203,0,16.0,6.0,-1.0,2.0,1.0,1.0,1,0,1,0,3,0,1,1,0.0,0.0,0.0
1003,20181203,0,16.0,4.0,-1.0,0.0,1.0,0.0,0,0,1,0,3,0,1,0,0.0,0.0,0.0
1004,20181203,0,16.0,4.0,0.0,0.0,1.0,1.0,0,0,1,0,3,0,1,0,1.0,1.0,0.0
1005,20181203,0,16.0,7.0,-3.0,1.0,1.0,0.0,1,0,1,0,3,0,1,0,1.0,0.0,0.0
1006,20181203,1,16.0,5.0,0.0,2.0,1.0,1.0,0,0,1,0,3,0,1,0,1.0,0.0,0.0
1007,20181203,0,16.0,5.0,-3.0,0.0,1.0,0.0,0,0,1,0,3,0,1,0,2.0,0.0,2.0
1008,20181203,0,16.0,6.0,-3.0,0.0,1.0,1.0,0,0,1,0,3,0,1,0,0.0,0.0,0.0
1009,20181203,1,16.0,4.0,-2.0,0.0,1.0,1.0,0,0,1,0,3,0,1,0,2.0,1.0,0.0
1010,20181203,0,16.0,2.0,-1.0,2.0,1.0,1.0,0,0,1,0,3,0,1,0,0.0,0.0,0.0
1011,20181203,1,16.0,6.0,-3.0,2.0,1.0,0.0,0,0,1,0,3,0,1,0,0.0,0.0,0.0
1012,20181203,1,16.0,6.0,-2.0,0.0,1.0,0.0,1,0,1,0,3,0,1,0,1.0,0.0,0.0
1013,20181203,0,16.0,5.0,-3.0,0.0,1.0,1.0,1,0,1,0,3,0,1,0,1.0,0.0,0.0
1014,20181203,1,16.0,7.0,-1.0,2.0,0.0,0.0,2,0,0,3,3,0,1,0,2.0,1.0,0.0
1015,20181203,0,16.0,4.0,-1.0,2.0,1.0,1.0,0,0,1,0,3,0,1,0,0.0,0.0,0.0
1016,20181203,1,16.0,3.0,-1.0,0.0,1.0,1.0,0,0,1,0,3,0,1,2,0.0,0.0,0.0
1017,20181203,1,16.0,7.0,-3.0,0.0,1.0,1.0,0,0,1,0,3,0,1,3,2.0,1.0,3.0
1018,20181203,1,16.0,5.0,0.0,0.0,0.0,0.0,2,0,0,0,3,0,1,0,3.0,1.0,0.0
1019,20181203,0,16.0,5.0,-2.0,2.0,1.0,0.0,0,0,1,0,3,0,1,0,1.0,1.0,0.0
1020,20181203,1,16.0,5.0,0.0,2.0,1.0,1.0,0,0,1,0,3,0,1,0,0.0,0.0,0.0
1021,20181203,0,16.0,6.0,-6.0,2.0,1.0,1.0,0,0,1,0,3,0,1,0,1.0,0.0,0.0
1022,20181203,0,16.0,7.0,-2.0,2.0,1.0,1.0,0,0,1,0,3,0,1,2,3.0,1.0,0.0
1023,20181203,1,16.0,5.0,-5.0,0.0,1.0,0.0,0,0,1,0,3,0,1,0,1.0,0.0,0.0
1024,20181203,0,16.0,1.0,1.0,0.0,1.0,1.0,0,0,1,0,3,0,1,0,1.0,0.0,0.0
1025,20181203,1,16.0,8.0,-1.0,0.0,0.0,1.0,3,0,1,1,3,0,1,0,2.0,1.0,1.0
1026,20181203,1,16.0,6.0,-2.0,0.0,0.0,1.0,2,0,1,0,3,0,1,2,1.0,1.0,0.0
1027,20181203,1,16.0,5.0,1.0,2.0,1.0,1.0,0,0,1,0,3,0,1,2,0.0,0.0,0.0
1028,20181203,0,16.0,7.0,-4.0,1.0,0.0,0.0,2,0,1,3,3,0,1,0,2.0,0.0,0.0
1029,20181203,1,16.0,4.0,2.0,1.0,1.0,1.0,0,0,1,0,3,0,1,0,2.0,1.0,0.0
1030,20181203,0,16.0,5.0,-3.0,0.0,1.0,1.0,0,0,1,0,3,0,1,2,0.0,0.0,0.0
1031,20181203,0,16.0,5.0,-2.0,1.0,1.0,1.0,1,0,1,0,3,0,1,0,1.0,1.0,0.0
1032,20181203,0,16.0,6.0,-2.0,0.0,1.0,1.0,0,0,1,0,3,0,1,3,2.0,1.0,2.0
1033,20181203,1,16.0,6.0,-1.0,0.0,1.0,1.0,0,0,1,0,3,0,1,2,1.0,1.0,0.0
1034,20181203,0,16.0,4.0,1.0,1.0,1.0,0.0,0,0,1,0,3,0,1,0,0.0,0.0,0.0
1035,20181203,1,16.0,7.0,-2.0,0.0,0.0,1.0,2,0,1,3,3,0,1,0,1.0,0.0,3.0
1036,20181203,1,16.0,3.0,0.0,2.0,1.0,0.0,0,0,1,0,3,0,1,0,1.0,1.0,0.0
1037,20181203,0,16.0,8.0,-2.0,2.0,1.0,1.0,0,0,1,0,3,0,1,0,1.0,0.0,0.0
1038,20181203,0,16.0,7.0,-6.0,1.0,1.0,1.0,0,0,1,0,3,0,1,0,1.0,0.0,0.0
1039,20181203,0,16.0,4.0,-1.0,2.0,1.0,0.0,0,0,1,0,3,0,1,2,1.0,0.0,0.0
1040,20181203,1,16.0,6.0,0.0,1.0,1.0,1.0,1,0,1,0,3,0,1,0,0.0,1.0,0.0
1041,20181203,0,16.0,6.0,-4.0,0.0,1.0,1.0,0,0,1,0,3,0,1,0,1.0,1.0,0.0
1042,20181203,1,16.0,6.0,-1.0,0.0,1.0,1.0,0,0,1,0,3,0,1,0,3.0,1.0,4.0
1043,20181203,1,16.0,8.0,-5.0,1.0,1.0,1.0,1,0,1,0,3,0,1,0,1.0,0.0,0.0
1044,20181203,1,16.0,9.0,-2.0,2.0,1.0,1.0,0,0,1,0,3,0,1,0,0.0,1.0,0.0
1045,20181203,1,16.0,5.0,0.0,1.0,1.0,1.0,0,0,1,0,3,0,1,0,2.0,0.0,0.0
1046,20181203,1,16.0,6.0,0.0,0.0,1.0,0.0,1,0,1,0,3,0,1,0,2.0,1.0,0.0
1047,20181203,1,16.0,6.0,-1.0,1.0,1.0,1.0,0,0,1,0,3,0,1,0,1.0,1.0,0.0
1048,20181203,1,16.0,7.0,0.0,0.0,1.0,1.0,0,0,1,0,3,0,1,0,0.0,0.0,0.0
1049,20181203,1,16.0,7.0,0.0,1.0,1.0,1.0,0,0,1,0,3,0,1,0,1.0,0.0,0.0
1050,20181203,0,16.0,6.0,-5.0,0.0,1.0,1.0,0,0,1,0,3,0,1,0,1.0,0.0,0.0
1051,20181203,0,16.0,2.0,1.0,2.0,1.0,1.0,0,0,1,0,3,0,1,0,0.0,0.0,0.0
1052,20181203,0,16.0,5.0,-3.0,2.0,1.0,1.0,0,0,1,0,3,0,1,0,0.0,0.0,0.0
1053,20181203,1,16.0,5.0,-2.0,2.0,1.0,0.0,1,0,1,0,3,0,1,0,2.0,1.0,5.0
1054,20181203,0,16.0,6.0,-2.0,0.0,0.0,1.0,2,0,1,0,3,0,1,1,2.0,0.0,0.0
1055,20181203,1,16.0,9.0,-6.0,0.0,1.0,0.0,1,0,1,0,3,0,1,0,0.0,0.0,4.0
1056,20181203,0,16.0,5.0,-2.0,1.0,1.0,0.0,1,0,1,0,3,0,1,0,2.0,1.0,0.0
1057,20181203,0,16.0,8.0,-6.0,1.0,1.0,1.0,1,0,1,0,3,0,1,0,1.0,0.0,0.0
1058,20181203,1,16.0,6.0,-2.0,0.0,1.0,1.0,0,0,1,0,3,0,1,0,1.0,0.0,0.0
1059,20181203,0,16.0,6.0,-4.0,0.0,1.0,1.0,0,0,1,0,3,0,1,0,1.0,0.0,0.0
1060,20181203,0,16.0,8.0,-5.0,0.0,1.0,1.0,0,0,1,0,3,0,1,1,1.0,1.0,0.0
1061,20181203,1,16.0,7.0,2.0,2.0,1.0,1.0,0,0,1,1,3,0,1,0,1.0,0.0,0.0
1062,20181203,0,16.0,4.0,-1.0,2.0,1.0,1.0,0,0,1,0,3,0,1,0,1.0,0.0,0.0
1063,20181203,0,16.0,6.0,-3.0,0.0,0.0,0.0,2,0,0,0,3,0,1,0,0.0,0.0,0.0
1064,20181203,0,16.0,7.0,-5.0,0.0,1.0,1.0,0,0,1,0,3,0,1,0,2.0,0.0,0.0
1065,20181203,0,16.0,7.0,-2.0,1.0,0.0,1.0,2,0,1,1,3,0,1,0,1.0,0.0,2.0
1066,20181203,0,16.0,6.0,-2.0,1.0,1.0,0.0,0,0,1,0,3,0,1,1,1.0,0.0,0.0
1067,20181203,0,16.0,7.0,-5.0,2.0,0.0,0.0,3,0,0,3,3,0,1,0,2.0,0.0,0.0
1068,20181203,1,16.0,7.0,-2.0,2.0,1.0,1.0,0,0,1,0,3,0,1,0,2.0,1.0,0.0
1069,20181203,1,16.0,7.0,0.0,0.0,0.0,0.0,3,0,0,0,3,0,1,0,1.0,0.0,0.0
1070,20181203,0,16.0,5.0,-2.0,2.0,1.0,0.0,1,0,1,0,3,0,1,0,1.0,0.0,0.0
1071,20181203,1,16.0,9.0,-9.0,0.0,0.0,1.0,3,0,1,1,3,0,1,0,2.0,0.0,0.0
1072,20181203,0,16.0,7.0,-5.0,0.0,1.0,1.0,1,0,1,0,3,0,1,3,2.0,0.0,0.0
1073,20181203,0,16.0,3.0,-3.0,2.0,1.0,1.0,0,0,1,0,3,0,1,0,1.0,1.0,0.0
1074,20181203,0,16.0,7.0,-4.0,1.0,1.0,0.0,2,0,1,0,3,0,1,0,3.0,1.0,6.0
1075,20181203,1,16.0,5.0,-4.0,0.0,1.0,0.0,0,0,1,0,3,0,1,0,0.0,1.0,0.0
1076,20181203,1,16.0,3.0,-3.0,2.0,0.0,1.0,1,0,1,1,3,0,1,0,2.0,0.0,0.0
1077,20181203,1,16.0,3.0,-2.0,0.0,0.0,1.0,2,0,1,0,3,0,1,0,1.0,1.0,0.0
1078,20181203,0,16.0,5.0,-2.0,0.0,1.0,1.0,0,0,1,0,3,0,1,2,1.0,0.0,0.0
1079,20181203,0,16.0,4.0,-2.0,0.0,1.0,1.0,0,0,1,0,3,0,1,0,1.0,0.0,0.0
1080,20181203,0,16.0,5.0,-4.0,0.0,1.0,1.0,0,0,1,0,2,0,1,0,1.0,0.0,0.0
1081,20181203,1,16.0,8.0,2.0,0.0,0.0,1.0,2,0,1,1,3,0,1,0,3.0,0.0,3.0
1082,20181203,1,16.0,3.0,-3.0,1.0,1.0,0.0,0,0,1,0,3,0,1,0,2.0,1.0,0.0
1083,20181203,0,16.0,2.0,0.0,1.0,1.0,1.0,0,0,1,0,3,0,1,0,0.0,0.0,0.0
1084,20181203,0,16.0,5.0,-2.0,1.0,1.0,1.0,0,0,1,0,3,0,1,0,1.0,0.0,0.0
1085,20181203,1,16.0,5.0,-2.0,1.0,1.0,1.0,0,0,1,0,3,0,1,0,1.0,0.0,0.0
1086,20181203,0,16.0,5.0,-4.0,1.0,1.0,1.0,0,0,1,0,3,0,1,0,0.0,0.0,0.0
1087,20181203,1,16.0,4.0,-1.0,1.0,0.0,1.0,2,0,1,1,3,0,1,0,2.0,0.0,0.0
1088,20181203,0,16.0,7.0,-5.0,1.0,1.0,1.0,0,0,1,0,3,0,1,0,1.0,0.0,0.0
1089,20181203,0,16.0,4.0,-2.0,1.0,1.0,1.0,0,0,1,0,3,0,1,1,1.0,0.0,0.0
1090,20181203,0,16.0,3.0,-3.0,1.0,1.0,1.0,0,0,1,0,3,0,1,0,1.0,0.0,0.0
1091,20181203,0,16.0,4.0,-1.0,0.0,1.0,0.0,0,0,1,0,3,0,1,2,1.0,0.0,0.0
1092,20181203,1,16.0,5.0,-2.0,1.0,1.0,1.0,0,0,1,0,3,0,1,0,0.0,0.0,0.0
1093,20181203,1,16.0,2.0,-1.0,2.0,1.0,1.0,0,0,1,0,3,0,1,0,1.0,0.0,3.0
1094,20181203,0,16.0,2.0,1.0,1.0,1.0,1.0,0,0,1,0,3,0,1,0,1.0,0.0,0.0
1095,20181203,0,16.0,4.0,3.0,2.0,1.0,1.0,0,0,1,0,3,0,1,0,1.0,1.0,0.0
1096,20181203,0,16.0,4.0,-3.0,1.0,1.0,1.0,0,0,1,0,3,0,1,0,1.0,1.0,1.0
1097,20181203,1,16.0,6.0,-4.0,1.0,1.0,1.0,1,0,1,1,3,0,1,0,1.0,0.0,0.0
1098,20181203,0,16.0,5.0,-3.0,1.0,1.0,1.0,0,0,1,0,3,0,1,1,1.0,0.0,0.0
1099,20181203,0,16.0,4.0,-1.0,2.0,1.0,1.0,0,0,1,0,3,0,1,0,2.0,0.0,3.0
1100,20181203,1,16.0,7.0,0.0,1.0,1.0,1.0,1,0,1,0,3,0,1,2,0.0,0.0,3.0
1101,20181203,1,16.0,6.0,2.0,2.0,1.0,0.0,0,0,1,1,3,0,1,0,3.0,0.0,0.0
1102,20181203,1,16.0,7.0,1.0,0.0,0.0,0.0,3,0,0,3,3,0,1,0,3.0,0.0,0.0
1103,20181203,1,16.0,5.0,2.0,1.0,0.0,1.0,2,0,1,1,3,0,1,0,2.0,0.0,0.0
1104,20181203,0,16.0,3.0,-3.0,2.0,1.0,1.0,0,0,1,0,3,0,1,0,1.0,1.0,0.0
1105,20181203,1,16.0,7.0,3.0,2.0,1.0,0.0,1,0,0,0,3,0,1,0,1.0,0.0,3.0
1106,20181203,1,16.0,3.0,-1.0,2.0,1.0,1.0,0,0,1,0,3,0,1,0,2.0,0.0,0.0
1107,20181203,0,16.0,5.0,-3.0,2.0,1.0,1.0,0,0,1,0,3,0,1,3,1.0,1.0,0.0
1108,20181203,1,16.0,4.0,1.0,0.0,1.0,1.0,0,0,1,0,3,0,1,0,0.0,0.0,2.0
1109,20181203,0,16.0,4.0,-1.0,0.0,1.0,1.0,0,0,1,0,3,0,1,0,0.0,1.0,0.0
1110,20181203,0,16.0,5.0,-2.0,0.0,1.0,1.0,0,0,1,0,3,0,1,0,0.0,0.0,0.0
1111,20181203,0,16.0,5.0,-4.0,2.0,1.0,0.0,0,0,1,0,3,0,1,0,1.0,1.0,0.0
1112,20181203,0,16.0,7.0,-2.0,0.0,1.0,1.0,0,0,1,0,3,0,1,0,1.0,0.0,0.0
1113,20181203,1,16.0,6.0,-6.0,2.0,1.0,1.0,0,0,1,0,3,0,1,0,0.0,0.0,0.0
1114,20181203,1,16.0,7.0,2.0,0.0,1.0,0.0,2,0,1,0,3,0,1,1,3.0,0.0,1.0
1115,20181203,0,16.0,6.0,0.0,1.0,1.0,0.0,1,0,1,0,3,0,1,0,2.0,1.0,1.0
1116,20181203,0,16.0,4.0,0.0,2.0,1.0,0.0,0,0,1,0,3,0,1,0,2.0,1.0,2.0
1117,20181203,0,16.0,4.0,-1.0,0.0,1.0,0.0,0,0,1,0,3,0,1,0,0.0,1.0,0.0
1118,20181203,1,16.0,6.0,0.0,2.0,1.0,1.0,0,0,1,0,3,0,1,1,0.0,0.0,0.0
1119,20181203,0,16.0,2.0,3.0,0.0,1.0,1.0,0,0,1,0,3,0,1,0,0.0,1.0,0.0
1120,20181203,0,16.0,6.0,-1.0,1.0,1.0,1.0,1,0,1,0,3,0,1,0,1.0,1.0,0.0
1121,20181203,0,16.0,9.0,-4.0,0.0,1.0,1.0,0,0,1,0,3,0,1,0,1.0,0.0,0.0
1122,20181203,0,16.0,7.0,-4.0,2.0,1.0,1.0,0,0,1,0,3,0,1,0,1.0,0.0,0.0
1123,20181203,0,16.0,5.0,-3.0,2.0,1.0,0.0,0,0,1,0,3,0,1,0,0.0,0.0,0.0
1124,20181203,0,16.0,6.0,0.0,2.0,1.0,0.0,0,0,1,0,3,0,1,0,1.0,1.0,1.0
1125,20181203,1,16.0,8.0,-2.0,0.0,1.0,1.0,1,0,1,0,3,0,1,0,1.0,0.0,0.0
1126,20181203,0,16.0,3.0,0.0,0.0,1.0,1.0,0,0,1,0,3,0,1,0,1.0,0.0,0.0
1127,20181203,1,16.0,6.0,-3.0,0.0,1.0,0.0,0,0,1,0,3,0,1,0,2.0,0.0,1.0
1128,20181203,0,16.0,8.0,-2.0,0.0,1.0,1.0,0,0,1,0,3,0,1,0,2.0,1.0,5.0
1129,20181203,1,16.0,9.0,-4.0,1.0,1.0,1.0,0,0,1,0,3,0,1,0,2.0,0.0,2.0
1130,20181203,0,16.0,6.0,0.0,2.0,1.0,1.0,0,0,1,0,3,0,1,0,2.0,1.0,0.0
1131,20181203,1,16.0,7.0,-2.0,0.0,0.0,1.0,2,0,1,2,3,0,1,0,1.0,0.0,0.0
1133,20181203,0,16.0,3.0,-1.0,0.0,1.0,1.0,0,0,1,0,3,0,1,0,1.0,0.0,2.0
1134,20181203,1,16.0,7.0,-2.0,1.0,1.0,1.0,1,0,1,0,3,0,1,0,2.0,0.0,2.0
1135,20181203,1,16.0,8.0,-4.0,2.0,1.0,1.0,0,0,1,0,3,0,1,0,1.0,0.0,0.0
1136,20181203,1,16.0,10.0,-4.0,1.0,0.0,0.0,3,0,0,3,3,0,1,0,2.0,1.0,0.0
1137,20181203,0,16.0,8.0,-5.0,2.0,1.0,1.0,0,0,1,0,3,0,1,0,1.0,0.0,2.0
1138,20181203,0,16.0,6.0,-2.0,1.0,1.0,1.0,0,0,1,0,3,0,1,0,0.0,0.0,0.0
1139,20181203,1,16.0,7.0,-1.0,0.0,0.0,0.0,3,0,1,1,3,0,1,2,3.0,0.0,0.0
1140,20181203,1,16.0,8.0,0.0,2.0,1.0,1.0,0,0,1,0,3,0,1,0,1.0,0.0,0.0
1141,20181203,0,16.0,6.0,-5.0,0.0,1.0,1.0,0,0,1,0,3,0,1,0,1.0,0.0,3.0
1142,20181203,1,16.0,5.0,0.0,0.0,0.0,0.0,2,0,0,0,3,0,1,0,2.0,1.0,0.0
1143,20181203,1,16.0,3.0,-3.0,0.0,1.0,1.0,0,0,1,0,3,0,1,0,1.0,1.0,3.0
1144,20181203,1,16.0,5.0,-2.0,2.0,1.0,1.0,0,0,1,0,3,0,1,0,2.0,0.0,1.0
1145,20181203,0,16.0,4.0,-1.0,1.0,0.0,0.0,2,0,0,0,3,0,1,0,2.0,0.0,1.0
1146,20181203,1,16.0,6.0,-6.0,1.0,0.0,1.0,2,0,1,3,3,0,1,0,1.0,0.0,0.0
1147,20181203,0,16.0,6.0,-3.0,2.0,1.0,1.0,0,0,1,0,3,0,1,0,1.0,1.0,0.0
1148,20181203,0,16.0,4.0,2.0,1.0,0.0,1.0,2,0,1,3,3,0,1,3,1.0,1.0,0.0
1149,20181203,1,16.0,4.0,-3.0,2.0,1.0,0.0,0,0,1,0,3,0,1,0,1.0,0.0,0.0
1150,20181203,0,16.0,5.0,1.0,2.0,1.0,1.0,0,0,1,0,3,0,1,0,1.0,1.0,0.0
1151,20181203,1,16.0,8.0,-2.0,0.0,1.0,1.0,2,0,1,0,3,0,1,0,1.0,0.0,0.0
1152,20181203,0,16.0,5.0,-3.0,1.0,0.0,1.0,2,0,1,0,2,0,1,0,1.0,1.0,0.0
1153,20181203,1,16.0,8.0,-3.0,1.0,1.0,1.0,0,0,1,0,3,0,1,0,2.0,1.0,1.0
1154,20181203,0,16.0,9.0,-3.0,0.0,0.0,1.0,3,0,1,3,3,0,1,1,1.0,0.0,0.0
1155,20181203,0,16.0,6.0,-2.0,0.0,1.0,1.0,0,0,1,0,3,0,1,3,2.0,0.0,0.0
1156,20181203,0,16.0,6.0,-3.0,0.0,1.0,1.0,0,0,1,0,3,0,1,1,1.0,0.0,0.0
1157,20181203,0,16.0,6.0,-2.0,0.0,1.0,1.0,0,0,1,0,3,0,1,0,0.0,0.0,0.0
1158,20181203,1,16.0,8.0,-3.0,2.0,1.0,0.0,1,0,1,0,3,0,1,0,1.0,1.0,0.0
1159,20181203,0,16.0,7.0,-4.0,1.0,1.0,1.0,0,0,1,0,3,0,1,0,1.0,0.0,0.0
1160,20181203,1,16.0,7.0,-1.0,1.0,1.0,1.0,0,0,1,0,3,0,1,3,1.0,0.0,0.0
1161,20181203,1,16.0,3.0,0.0,2.0,0.0,1.0,0,0,1,0,3,0,1,1,0.0,0.0,0.0
1162,20181203,1,16.0,6.0,-3.0,1.0,0.0,1.0,2,0,1,0,3,0,1,0,2.0,0.0,0.0
1163,20181203,0,16.0,7.0,-4.0,0.0,1.0,1.0,0,0,1,0,3,0,1,0,1.0,0.0,0.0
1164,20181203,0,16.0,7.0,-4.0,2.0,1.0,1.0,0,0,1,0,3,0,1,0,1.0,1.0,4.0
1165,20181203,1,16.0,3.0,1.0,0.0,0.0,0.0,3,0,0,0,3,0,1,0,2.0,1.0,0.0
1166,20181203,0,16.0,5.0,2.0,0.0,1.0,0.0,1,0,1,0,3,0,1,0,0.0,1.0,0.0
1167,20181203,0,16.0,9.0,-6.0,1.0,1.0,0.0,1,0,1,0,3,0,1,1,1.0,0.0,0.0
1168,20181203,0,16.0,6.0,-4.0,0.0,1.0,0.0,1,0,1,0,3,0,1,0,0.0,0.0,3.0
1169,20181203,1,16.0,6.0,0.0,1.0,0.0,0.0,2,0,1,0,3,0,1,0,1.0,0.0,3.0
1170,20181203,1,16.0,2.0,-1.0,2.0,0.0,0.0,2,1,0,2,3,0,1,0,0.0,0.0,2.0
1171,20181203,1,16.0,8.0,-8.0,1.0,0.0,0.0,3,0,1,0,3,0,1,0,3.0,0.0,2.0
1172,20181203,1,16.0,5.0,-4.0,0.0,1.0,1.0,0,0,1,0,3,0,1,0,0.0,0.0,3.0
1173,20181203,0,16.0,5.0,-3.0,1.0,1.0,1.0,0,0,1,0,3,0,1,0,1.0,0.0,1.0
1174,20181203,0,16.0,5.0,-2.0,0.0,1.0,1.0,0,0,1,0,3,0,1,0,1.0,0.0,0.0
1175,20181203,0,16.0,5.0,-2.0,2.0,1.0,1.0,0,0,1,0,3,0,1,3,1.0,1.0,0.0
1176,20181203,0,16.0,4.0,-3.0,0.0,1.0,1.0,0,0,1,0,3,0,1,0,1.0,0.0,0.0
1177,20181203,0,16.0,7.0,-2.0,0.0,1.0,1.0,0,0,1,0,3,0,1,0,1.0,0.0,0.0
1178,20181203,1,16.0,7.0,-4.0,2.0,1.0,1.0,0,0,1,0,3,0,1,0,1.0,0.0,0.0
1179,20181203,1,16.0,7.0,-1.0,2.0,1.0,1.0,0,0,1,1,3,0,1,0,0.0,0.0,4.0
1180,20181203,0,16.0,7.0,-2.0,1.0,1.0,1.0,1,0,1,0,3,0,1,0,1.0,0.0,0.0
1181,20181203,0,16.0,2.0,4.0,1.0,1.0,1.0,0,0,1,0,3,0,1,1,1.0,0.0,0.0
1182,20181203,0,16.0,4.0,1.0,0.0,1.0,1.0,0,0,1,0,3,0,1,3,1.0,0.0,0.0
1183,20181203,1,16.0,9.0,-5.0,0.0,1.0,1.0,2,0,1,0,3,0,1,0,1.0,0.0,5.0
1184,20181203,0,16.0,5.0,-4.0,0.0,1.0,1.0,0,0,1,0,3,0,1,0,0.0,0.0,0.0
1185,20181203,0,16.0,9.0,-5.0,1.0,1.0,1.0,1,0,1,0,3,0,1,0,2.0,0.0,0.0
1186,20181203,0,16.0,6.0,0.0,0.0,1.0,0.0,0,0,1,0,3,0,1,0,2.0,1.0,0.0
1187,20181203,1,16.0,8.0,-2.0,1.0,1.0,0.0,1,0,1,0,3,0,1,0,1.0,0.0,2.0
1188,20181203,1,16.0,7.0,-1.0,0.0,1.0,1.0,1,0,1,0,3,0,1,0,1.0,0.0,0.0
1189,20181203,1,16.0,8.0,-1.0,2.0,1.0,0.0,1,0,1,0,3,0,1,0,1.0,0.0,5.0
1191,20181203,0,16.0,7.0,-4.0,0.0,1.0,1.0,0,0,1,0,3,0,1,1,1.0,0.0,0.0
1192,20181203,0,16.0,6.0,0.0,0.0,0.0,1.0,2,0,1,0,3,0,1,0,1.0,0.0,0.0
1193,20181203,0,16.0,6.0,-2.0,1.0,1.0,0.0,1,0,1,0,3,0,1,0,1.0,0.0,0.0
1194,20181203,1,16.0,6.0,-1.0,1.0,0.0,1.0,2,0,1,1,3,0,1,0,3.0,1.0,6.0
1195,20181203,1,16.0,6.0,-1.0,0.0,0.0,0.0,2,0,0,3,3,0,1,0,2.0,0.0,0.0
1196,20181203,1,16.0,7.0,-2.0,1.0,1.0,1.0,1,0,1,0,3,0,1,0,1.0,1.0,0.0
1197,20181203,1,16.0,6.0,1.0,0.0,1.0,1.0,0,0,1,0,3,0,1,0,1.0,0.0,0.0
1198,20181203,1,16.0,8.0,-3.0,2.0,1.0,0.0,1,0,1,1,3,0,1,0,3.0,1.0,3.0
1199,20181203,0,16.0,8.0,-5.0,1.0,1.0,1.0,1,0,1,0,3,0,1,0,1.0,1.0,0.0
1200,20181203,1,16.0,5.0,0.0,2.0,0.0,1.0,2,0,1,0,3,0,1,0,2.0,0.0,0.0
1201,20181203,0,16.0,5.0,0.0,1.0,1.0,1.0,1,0,1,0,3,0,1,0,2.0,1.0,0.0
1202,20181203,1,16.0,2.0,-1.0,0.0,1.0,1.0,0,0,1,0,3,0,1,0,2.0,0.0,0.0
1203,20181203,0,16.0,6.0,-3.0,1.0,1.0,1.0,0,0,1,0,3,0,1,0,1.0,1.0,0.0
1204,20181203,1,16.0,10.0,-3.0,0.0,1.0,0.0,1,0,1,0,3,0,1,0,2.0,1.0,0.0
1205,20181203,0,16.0,5.0,-3.0,0.0,1.0,1.0,0,0,1,0,3,0,1,3,2.0,0.0,0.0
1206,20181203,1,16.0,5.0,-2.0,1.0,1.0,0.0,0,0,1,0,3,0,1,0,3.0,1.0,0.0
1208,20181203,0,16.0,4.0,-2.0,0.0,1.0,1.0,0,0,1,0,3,0,1,0,1.0,0.0,0.0
1209,20181203,0,16.0,6.0,-1.0,0.0,1.0,0.0,0,0,1,0,3,0,1,0,3.0,1.0,0.0
1210,20181203,0,16.0,4.0,-3.0,2.0,1.0,0.0,0,0,1,0,3,0,1,0,0.0,1.0,6.0
1211,20181203,1,16.0,4.0,2.0,2.0,1.0,1.0,0,0,0,1,3,0,1,0,2.0,0.0,0.0
1212,20181203,1,16.0,0.0,0.0,1.0,1.0,0.0,0,0,1,0,3,0,1,0,2.0,1.0,0.0
1213,20181203,0,16.0,4.0,-1.0,0.0,1.0,1.0,0,0,1,0,3,0,1,0,1.0,0.0,0.0
1214,20181203,1,16.0,9.0,-3.0,0.0,0.0,1.0,2,0,1,3,3,0,1,0,2.0,1.0,0.0
1215,20181203,0,16.0,3.0,-1.0,0.0,1.0,1.0,0,0,1,0,3,0,1,0,1.0,0.0,0.0
1216,20181203,1,16.0,6.0,-1.0,2.0,1.0,0.0,0,0,0,3,3,0,1,0,3.0,1.0,0.0
1217,20181203,1,16.0,4.0,2.0,0.0,1.0,0.0,0,0,0,0,3,0,1,0,0.0,1.0,0.0
1218,20181203,0,16.0,6.0,-1.0,0.0,1.0,1.0,0,0,1,0,3,0,1,0,1.0,0.0,0.0
1219,20181203,1,16.0,6.0,-4.0,0.0,0.0,1.0,2,0,1,0,3,0,1,0,3.0,1.0,0.0
1220,20181203,0,16.0,4.0,-1.0,1.0,1.0,1.0,1,0,1,0,3,0,1,0,0.0,0.0,0.0
1221,20181203,1,16.0,6.0,-1.0,2.0,1.0,0.0,0,0,1,1,3,0,1,0,1.0,0.0,2.0
1222,20181203,1,16.0,5.0,3.0,2.0,1.0,0.0,1,0,0,1,3,0,1,0,2.0,0.0,0.0
1223,20181203,1,16.0,0.0,0.0,0.0,1.0,1.0,0,0,1,0,3,0,1,0,1.0,1.0,4.0
1224,20181203,0,16.0,6.0,-1.0,1.0,0.0,1.0,2,0,1,0,3,0,1,0,1.0,1.0,3.0
1225,20181203,1,16.0,8.0,-3.0,0.0,1.0,1.0,0,0,1,0,3,0,1,0,0.0,0.0,0.0
1226,20181203,1,16.0,3.0,0.0,2.0,1.0,0.0,0,0,1,0,3,0,1,0,1.0,0.0,0.0
1227,20181203,1,16.0,5.0,-1.0,0.0,0.0,1.0,2,0,1,1,3,0,1,3,1.0,0.0,0.0
1228,20181203,0,16.0,1.0,1.0,0.0,1.0,0.0,0,0,1,0,3,0,1,0,2.0,1.0,0.0
1229,20181203,0,16.0,0.0,2.0,0.0,0.0,1.0,2,0,1,0,3,0,1,2,2.0,0.0,1.0
1230,20181203,1,16.0,6.0,1.0,0.0,1.0,1.0,0,0,1,0,3,0,1,0,1.0,0.0,1.0
1231,20181203,0,16.0,5.0,-1.0,0.0,1.0,0.0,0,0,1,0,3,0,1,0,1.0,1.0,0.0
1232,20181203,0,16.0,1.0,1.0,2.0,1.0,1.0,0,0,1,0,3,0,1,1,1.0,0.0,0.0
1233,20181203,1,16.0,4.0,-1.0,0.0,1.0,0.0,0,0,1,0,3,0,1,0,1.0,0.0,0.0
1234,20181203,0,16.0,5.0,-3.0,0.0,1.0,1.0,0,0,1,0,3,0,1,0,1.0,0.0,0.0
1235,20181203,1,16.0,9.0,-1.0,2.0,0.0,0.0,3,0,0,3,3,0,1,0,3.0,0.0,0.0
1236,20181203,1,16.0,7.0,0.0,1.0,1.0,1.0,0,0,1,0,3,0,1,0,0.0,0.0,0.0
1237,20181203,1,16.0,6.0,-3.0,1.0,0.0,1.0,2,0,1,0,3,0,1,0,1.0,0.0,0.0
1238,20181203,0,16.0,6.0,-3.0,0.0,1.0,1.0,0,0,1,0,3,0,1,1,3.0,1.0,1.0
1239,20181203,0,16.0,9.0,-8.0,0.0,0.0,0.0,3,0,1,2,3,0,1,0,1.0,1.0,1.0
1240,20181203,0,16.0,4.0,0.0,2.0,0.0,0.0,2,0,0,0,3,0,1,0,1.0,1.0,0.0
1241,20181203,0,16.0,3.0,-3.0,2.0,1.0,0.0,0,0,1,0,3,0,1,0,2.0,1.0,0.0
1242,20181203,0,16.0,5.0,-2.0,0.0,1.0,1.0,0,0,1,0,3,0,1,0,1.0,1.0,0.0
1243,20181203,1,16.0,5.0,-1.0,1.0,0.0,0.0,2,0,1,3,3,0,1,0,3.0,1.0,0.0
1244,20181203,1,16.0,6.0,-2.0,0.0,1.0,1.0,0,0,1,0,3,0,1,0,2.0,1.0,0.0
1245,20181203,1,16.0,4.0,5.0,2.0,1.0,1.0,0,0,1,0,3,0,1,0,0.0,0.0,0.0
1246,20181203,0,16.0,5.0,0.0,2.0,1.0,0.0,0,0,1,0,3,0,1,0,2.0,1.0,0.0
1247,20181203,0,16.0,4.0,0.0,0.0,1.0,1.0,0,0,1,0,3,0,1,0,1.0,1.0,3.0
1248,20181203,0,16.0,5.0,-2.0,0.0,1.0,1.0,0,0,1,0,3,0,1,0,1.0,0.0,0.0
1249,20181203,0,16.0,6.0,-3.0,0.0,1.0,0.0,1,0,1,0,3,0,1,0,1.0,0.0,0.0
1250,20181203,0,16.0,5.0,-2.0,1.0,1.0,0.0,1,0,1,0,3,0,1,0,2.0,0.0,0.0
1251,20181203,0,16.0,5.0,-1.0,2.0,1.0,1.0,0,0,1,0,3,0,1,0,1.0,0.0,0.0
1252,20181203,0,16.0,0.0,0.0,2.0,1.0,0.0,0,0,1,0,3,0,1,0,0.0,1.0,0.0
1253,20181203,0,16.0,4.0,0.0,0.0,1.0,1.0,0,0,1,0,3,0,1,0,1.0,0.0,0.0
1254,20181203,1,16.0,4.0,-1.0,0.0,1.0,0.0,1,0,1,0,3,0,1,2,1.0,0.0,0.0
1255,20181203,1,16.0,7.0,-2.0,0.0,1.0,0.0,1,0,1,0,3,0,1,0,2.0,0.0,0.0
1256,20181203,1,16.0,5.0,-2.0,0.0,0.0,1.0,2,0,1,0,3,0,1,0,1.0,0.0,0.0
2164,20190002,1,19.0,7.0,-3.0,1.0,0.0,0.0,3,0,0,2,3,0,1,0,2.0,1.0,2.0
2165,20190002,1,21.0,8.0,-2.0,1.0,0.0,0.0,3,0,0,3,3,0,1,2,1.0,1.0,6.0
2166,20190002,1,20.0,6.0,1.0,0.0,1.0,0.0,0,0,1,0,3,0,1,0,2.0,0.0,2.0
2167,20190002,1,19.0,6.0,-3.0,2.0,0.0,1.0,2,0,0,1,3,0,1,3,1.0,0.0,5.0
2168,20190002,1,20.0,8.0,-2.0,1.0,0.0,0.0,3,0,0,2,3,0,1,0,2.0,1.0,3.0
2169,20190002,1,20.0,7.0,-2.0,0.0,1.0,1.0,0,0,1,0,3,0,1,1,0.0,0.0,6.0
2170,20190002,1,20.0,9.0,-6.0,2.0,0.0,0.0,3,0,0,3,3,0,1,1,2.0,0.0,4.0
2172,20190002,1,20.0,4.0,0.0,1.0,0.0,0.0,2,0,1,0,3,0,1,0,2.0,0.0,6.0
2173,20190002,1,20.0,3.0,-1.0,0.0,0.0,0.0,2,0,0,2,3,0,1,3,3.0,0.0,0.0
2174,20190002,1,21.0,6.0,-1.0,1.0,1.0,1.0,1,0,1,0,3,0,1,2,1.0,1.0,8.0
2175,20190002,1,19.0,9.0,-4.0,2.0,1.0,0.0,1,0,1,0,3,0,1,1,1.0,1.0,5.0
2176,20190002,1,19.0,7.0,-7.0,0.0,0.0,1.0,2,0,1,1,3,0,1,0,3.0,0.0,0.0
2177,20190002,1,20.0,8.0,0.0,1.0,1.0,1.0,0,0,1,0,3,0,1,1,2.0,0.0,4.0
2178,20190002,1,19.0,8.0,-3.0,0.0,1.0,1.0,0,0,1,0,3,0,1,0,2.0,0.0,3.0
2179,20190002,1,19.0,6.0,-2.0,2.0,0.0,1.0,1,0,1,2,3,0,1,2,2.0,0.0,1.0
2180,20190002,1,20.0,7.0,-1.0,0.0,1.0,0.0,0,0,1,0,3,0,1,3,1.0,0.0,5.0
2181,20190002,1,20.0,7.0,2.0,2.0,1.0,0.0,0,0,0,1,3,0,1,3,2.0,0.0,0.0
2183,20190002,1,20.0,9.0,-2.0,1.0,0.0,1.0,2,0,1,1,3,0,1,0,3.0,1.0,3.0
2185,20190002,1,20.0,7.0,-2.0,2.0,0.0,1.0,2,0,1,3,3,0,1,2,2.0,1.0,0.0
2186,20190002,1,19.0,4.0,-1.0,2.0,1.0,1.0,0,0,1,0,3,0,1,0,0.0,0.0,0.0
2187,20190002,1,21.0,9.0,-1.0,0.0,0.0,0.0,3,0,0,3,3,0,1,0,3.0,0.0,0.0
2188,20190002,1,21.0,5.0,-2.0,0.0,0.0,0.0,3,0,0,2,3,0,1,0,3.0,0.0,5.0
2189,20190002,1,21.0,4.0,3.0,0.0,0.0,1.0,2,0,0,1,3,0,1,0,1.0,0.0,2.0
2191,20190002,1,20.0,8.0,0.0,0.0,1.0,0.0,2,0,1,0,3,0,1,3,3.0,0.0,3.0
2192,20190002,1,21.0,7.0,-1.0,0.0,0.0,0.0,2,0,0,3,3,0,1,0,2.0,1.0,2.0
2193,20190002,0,20.0,2.0,-2.0,2.0,1.0,0.0,0,0,1,0,3,0,1,1,1.0,1.0,6.0
2194,20190002,1,20.0,8.0,-1.0,1.0,1.0,0.0,1,0,1,0,3,0,1,0,1.0,1.0,1.0
2195,20190002,0,20.0,2.0,0.0,2.0,1.0,1.0,0,0,1,0,3,0,1,1,1.0,1.0,4.0
2196,20190002,1,19.0,7.0,-2.0,0.0,0.0,1.0,2,0,1,1,3,0,1,1,1.0,1.0,5.0
2198,20190002,1,19.0,7.0,-1.0,0.0,1.0,1.0,0,0,1,0,3,0,1,0,1.0,0.0,0.0
2199,20190002,1,19.0,7.0,0.0,0.0,1.0,1.0,0,0,1,0,3,0,1,0,3.0,1.0,8.0
2201,20190002,0,19.0,7.0,-6.0,1.0,1.0,0.0,1,0,1,0,3,0,1,2,1.0,0.0,3.0
2202,20190002,1,21.0,7.0,-1.0,0.0,0.0,0.0,3,0,0,3,3,0,1,0,1.0,0.0,7.0
2203,20190002,1,19.0,9.0,-4.0,2.0,1.0,0.0,1,0,1,0,3,0,1,1,3.0,1.0,0.0
2204,20190002,0,19.0,4.0,-4.0,0.0,1.0,1.0,1,0,1,0,3,0,1,1,1.0,0.0,0.0
2205,20190002,0,19.0,8.0,-2.0,0.0,1.0,1.0,0,0,1,0,3,0,1,2,3.0,0.0,3.0
2206,20190002,1,19.0,8.0,-2.0,0.0,0.0,0.0,3,0,0,0,3,0,1,3,3.0,1.0,6.0
2207,20190002,1,22.0,9.0,-3.0,0.0,0.0,0.0,3,0,0,3,3,0,1,0,1.0,1.0,6.0
2208,20190002,0,19.0,6.0,-4.0,2.0,1.0,0.0,0,0,1,1,3,0,1,0,1.0,0.0,0.0
2210,20190002,1,20.0,8.0,-1.0,0.0,0.0,1.0,3,0,1,3,3,0,1,0,2.0,0.0,3.0
2212,20190002,1,21.0,7.0,-1.0,0.0,1.0,1.0,0,0,1,0,3,0,1,3,3.0,1.0,6.0
2213,20190002,1,19.0,5.0,-2.0,2.0,1.0,1.0,0,0,1,0,3,0,1,0,1.0,0.0,0.0
2214,20190002,1,19.0,6.0,2.0,1.0,1.0,1.0,1,0,1,1,3,0,1,1,0.0,0.0,5.0
2215,20190002,1,21.0,5.0,0.0,1.0,0.0,1.0,2,0,1,3,3,0,1,1,1.0,1.0,5.0
2216,20190002,0,20.0,6.0,-1.0,0.0,1.0,1.0,0,0,1,0,3,0,1,0,1.0,0.0,0.0
2219,20190002,1,20.0,7.0,-2.0,0.0,0.0,0.0,3,0,1,1,3,0,1,0,3.0,1.0,6.0
2220,20190002,1,20.0,5.0,-2.0,0.0,0.0,1.0,2,0,0,0,3,0,1,2,2.0,1.0,4.0
2221,20190002,0,20.0,6.0,-1.0,1.0,1.0,1.0,0,0,1,0,3,0,1,3,1.0,1.0,0.0
2222,20190002,0,20.0,5.0,-2.0,1.0,1.0,1.0,0,0,1,0,3,0,1,0,1.0,0.0,1.0
2223,20190002,0,20.0,8.0,-5.0,2.0,1.0,1.0,1,0,1,0,3,0,1,2,1.0,0.0,1.0
2224,20190002,1,20.0,6.0,-2.0,2.0,1.0,1.0,0,0,1,0,3,0,1,0,1.0,0.0,0.0
2225,20190002,1,20.0,7.0,-1.0,0.0,0.0,0.0,3,0,0,3,3,0,1,2,3.0,1.0,5.0
2226,20190002,0,20.0,4.0,-3.0,0.0,1.0,1.0,0,0,1,0,3,0,1,0,1.0,0.0,0.0
2227,20190002,1,20.0,5.0,2.0,0.0,1.0,1.0,0,0,1,0,3,0,1,3,2.0,0.0,1.0
2228,20190002,1,20.0,5.0,-2.0,0.0,1.0,0.0,1,0,1,0,3,0,1,1,3.0,1.0,0.0
2230,20190002,1,20.0,4.0,1.0,0.0,0.0,0.0,2,0,0,3,3,0,1,0,2.0,1.0,6.0
2231,20190002,0,20.0,3.0,1.0,1.0,0.0,0.0,2,0,0,3,3,0,1,0,3.0,0.0,2.0
2232,20190002,1,20.0,6.0,1.0,0.0,0.0,0.0,3,0,0,3,3,0,1,0,1.0,1.0,5.0
2233,20190002,1,20.0,7.0,0.0,0.0,1.0,0.0,1,0,1,0,3,0,1,3,2.0,1.0,0.0
2234,20190002,1,21.0,8.0,-3.0,1.0,0.0,0.0,3,0,0,3,3,0,1,3,2.0,1.0,6.0
2235,20190002,1,20.0,6.0,1.0,0.0,0.0,0.0,3,0,0,0,3,0,1,2,2.0,1.0,6.0
2236,20190002,1,21.0,8.0,-3.0,2.0,1.0,1.0,0,0,1,0,3,0,1,3,0.0,0.0,5.0
2237,20190002,1,20.0,10.0,-3.0,2.0,0.0,0.0,3,0,0,1,3,0,1,3,3.0,0.0,6.0
2238,20190002,1,21.0,6.0,0.0,0.0,0.0,0.0,3,0,1,3,3,0,1,1,3.0,0.0,0.0
2240,20190002,1,21.0,8.0,-3.0,1.0,0.0,0.0,3,1,0,3,3,0,1,2,1.0,1.0,4.0
2241,20190002,1,20.0,5.0,-2.0,2.0,0.0,1.0,1,0,1,1,3,0,1,0,0.0,0.0,5.0
2242,20190002,1,20.0,5.0,0.0,2.0,0.0,0.0,2,0,0,0,3,0,1,0,2.0,1.0,2.0
2243,20190002,1,20.0,9.0,-5.0,0.0,1.0,1.0,1,0,1,0,3,0,1,0,0.0,0.0,3.0
2244,20190002,0,20.0,5.0,-1.0,1.0,1.0,1.0,0,0,1,0,3,0,1,0,0.0,0.0,3.0
2245,20190002,1,20.0,4.0,-3.0,2.0,1.0,1.0,0,0,1,0,3,0,1,2,1.0,1.0,1.0
2246,20190002,1,20.0,9.0,-3.0,0.0,0.0,0.0,3,0,0,4,3,0,1,3,3.0,1.0,5.0
2247,20190002,1,20.0,5.0,-1.0,0.0,0.0,1.0,2,0,1,2,3,0,1,3,2.0,1.0,6.0
2248,20190002,1,20.0,8.0,-1.0,0.0,0.0,0.0,3,0,1,1,3,0,1,0,2.0,0.0,0.0
2249,20190002,1,20.0,6.0,-2.0,0.0,0.0,1.0,2,0,1,0,3,0,1,1,2.0,0.0,0.0
2250,20190002,1,20.0,9.0,-2.0,2.0,0.0,0.0,3,0,0,3,3,0,1,0,3.0,1.0,1.0
2251,20190002,1,20.0,4.0,-2.0,2.0,0.0,1.0,1,0,1,1,3,0,1,2,2.0,1.0,4.0
2252,20190002,1,20.0,7.0,-4.0,1.0,1.0,0.0,2,0,1,1,3,0,1,0,2.0,0.0,4.0
2253,20190002,1,20.0,6.0,-1.0,1.0,0.0,0.0,2,0,0,0,3,0,1,0,1.0,0.0,0.0
2254,20190002,1,21.0,2.0,-2.0,2.0,1.0,0.0,0,0,1,0,3,0,1,0,1.0,1.0,0.0
2255,20190002,1,20.0,7.0,-2.0,1.0,0.0,1.0,2,0,1,3,3,0,1,0,1.0,1.0,0.0
2256,20190002,1,22.0,3.0,-2.0,0.0,0.0,1.0,0,0,1,0,3,0,1,1,2.0,1.0,6.0
2257,20190002,1,20.0,9.0,-5.0,0.0,0.0,0.0,3,0,0,3,3,0,1,1,3.0,1.0,0.0
2258,20190002,0,21.0,5.0,1.0,2.0,1.0,1.0,0,0,1,0,3,0,1,1,1.0,0.0,0.0
2259,20190002,0,21.0,4.0,0.0,2.0,0.0,1.0,1,0,1,0,3,0,1,2,0.0,1.0,2.0
3001,20190001,0,21.0,5.0,0.0,2.0,0.0,0.0,2,0,0,3,3,0,1,1,0.0,0.0,3.0
3004,20190001,1,20.0,6.0,-2.0,1.0,1.0,1.0,1,0,1,0,3,0,1,0,2.0,1.0,0.0
3005,20190001,1,20.0,8.0,-1.0,0.0,0.0,0.0,3,0,0,1,3,0,1,0,2.0,1.0,5.0
3006,20190001,1,20.0,9.0,-5.0,0.0,1.0,1.0,0,0,1,0,3,0,1,0,2.0,1.0,0.0
3007,20190001,0,21.0,8.0,-5.0,0.0,1.0,1.0,0,0,1,0,3,0,1,0,0.0,1.0,6.0
3008,20190001,0,20.0,10.0,-3.0,2.0,0.0,1.0,2,0,1,0,3,0,1,1,2.0,1.0,0.0
3009,20190001,1,22.0,5.0,2.0,2.0,0.0,0.0,2,1,0,2,3,0,1,4,3.0,1.0,0.0
3010,20190001,1,20.0,8.0,-1.0,0.0,0.0,0.0,3,0,0,3,3,0,1,0,1.0,1.0,0.0
3011,20190001,1,20.0,7.0,-2.0,0.0,0.0,0.0,3,0,0,3,3,0,1,2,2.0,1.0,1.0
3012,20190001,1,22.0,8.0,-4.0,0.0,1.0,0.0,1,0,1,0,3,0,1,0,1.0,1.0,1.0
3013,20190001,1,20.0,10.0,-7.0,2.0,1.0,0.0,1,0,1,0,3,0,1,1,1.0,0.0,0.0
3014,20190001,0,21.0,3.0,2.0,2.0,1.0,0.0,0,0,1,0,3,0,1,0,1.0,0.0,2.0
3015,20190001,1,21.0,3.0,-3.0,2.0,0.0,0.0,1,0,0,3,3,0,1,1,1.0,0.0,0.0
3016,20190001,0,20.0,4.0,0.0,1.0,1.0,1.0,0,0,1,0,3,0,1,0,0.0,0.0,0.0
3017,20190001,0,20.0,7.0,-4.0,2.0,1.0,1.0,0,0,1,0,3,0,1,0,1.0,0.0,0.0
3018,20190001,1,21.0,4.0,-3.0,2.0,1.0,0.0,0,0,1,0,3,0,1,0,2.0,1.0,2.0
3019,20190001,1,20.0,7.0,-4.0,1.0,1.0,1.0,1,0,1,1,3,0,1,3,2.0,0.0,3.0
3020,20190001,1,21.0,7.0,0.0,0.0,0.0,0.0,3,0,0,3,3,0,1,3,1.0,1.0,5.0
3021,20190001,1,21.0,6.0,-2.0,1.0,0.0,1.0,2,0,1,1,3,0,1,3,1.0,0.0,0.0
3022,20190001,1,21.0,6.0,-1.0,0.0,1.0,1.0,0,0,1,0,3,0,1,2,3.0,0.0,0.0
3023,20190001,0,20.0,3.0,-1.0,2.0,0.0,1.0,0,0,1,3,3,0,1,2,0.0,0.0,3.0
3024,20190001,0,21.0,9.0,-4.0,0.0,1.0,1.0,0,0,1,0,3,0,1,0,3.0,0.0,4.0
3025,20190001,0,21.0,6.0,-6.0,2.0,0.0,1.0,1,0,1,1,3,0,1,0,1.0,0.0,0.0
3026,20190001,1,20.0,6.0,0.0,1.0,0.0,0.0,2,0,1,0,3,0,1,0,2.0,0.0,5.0
3027,20190001,0,21.0,6.0,-1.0,2.0,1.0,0.0,1,0,1,0,3,0,1,0,3.0,0.0,1.0
3028,20190001,0,20.0,6.0,-1.0,0.0,1.0,1.0,0,0,1,1,3,0,1,0,1.0,1.0,3.0
3029,20190001,1,23.0,4.0,4.0,2.0,0.0,0.0,2,0,0,3,3,0,1,3,3.0,1.0,0.0
3033,20190001,1,22.0,5.0,2.0,1.0,0.0,1.0,2,0,1,3,3,0,1,0,1.0,0.0,0.0
3034,20190001,0,20.0,6.0,-2.0,2.0,1.0,0.0,0,0,1,0,3,0,1,2,2.0,0.0,0.0
3035,20190001,1,20.0,7.0,-5.0,1.0,1.0,0.0,2,0,1,0,3,0,1,0,3.0,1.0,2.0
3036,20190001,1,20.0,6.0,-4.0,1.0,1.0,1.0,0,0,1,0,3,0,1,2,2.0,0.0,0.0
3037,20190001,1,22.0,5.0,-2.0,0.0,1.0,1.0,0,0,1,0,3,0,1,2,1.0,1.0,3.0
3038,20190001,0,21.0,2.0,-2.0,1.0,1.0,0.0,0,0,1,0,3,0,1,0,0.0,1.0,0.0
3040,20190001,1,20.0,3.0,2.0,0.0,0.0,1.0,2,0,1,3,3,0,1,0,2.0,1.0,0.0
3042,20190001,0,20.0,5.0,-2.0,2.0,1.0,0.0,0,0,0,0,3,0,1,3,1.0,0.0,0.0
3043,20190001,1,20.0,5.0,-1.0,0.0,0.0,0.0,3,0,0,0,3,0,1,0,2.0,0.0,0.0
3044,20190001,0,20.0,5.0,-3.0,2.0,1.0,0.0,0,0,1,0,3,0,1,0,1.0,1.0,0.0
3045,20190001,0,20.0,5.0,-3.0,0.0,1.0,0.0,0,0,1,0,3,0,1,0,1.0,0.0,0.0
3046,20190001,1,22.0,7.0,-2.0,2.0,0.0,0.0,2,0,0,3,3,0,1,0,1.0,0.0,0.0
3047,20190001,1,22.0,9.0,-1.0,0.0,0.0,0.0,3,0,0,3,3,0,1,0,2.0,0.0,2.0
3048,20190001,0,20.0,6.0,-4.0,2.0,1.0,1.0,0,0,1,0,3,0,1,3,1.0,0.0,0.0
3049,20190001,0,20.0,9.0,-4.0,2.0,1.0,1.0,0,0,1,0,3,0,1,0,1.0,0.0,0.0
3050,20190001,1,22.0,6.0,-1.0,2.0,1.0,0.0,0,0,1,0,3,0,1,1,1.0,0.0,0.0
3051,20190001,1,22.0,9.0,-4.0,0.0,0.0,0.0,3,0,0,3,3,0,1,2,3.0,1.0,6.0
3052,20190001,0,21.0,4.0,-2.0,2.0,1.0,0.0,0,0,1,0,3,0,1,2,1.0,0.0,2.0
3053,20190001,0,21.0,7.0,0.0,0.0,1.0,1.0,0,0,1,0,3,0,1,0,1.0,0.0,0.0
3054,20190001,0,21.0,5.0,2.0,1.0,1.0,1.0,0,0,1,0,3,0,1,0,2.0,0.0,0.0
3056,20190001,1,21.0,3.0,1.0,1.0,0.0,1.0,2,0,1,3,3,0,1,0,1.0,1.0,0.0
3057,20190001,0,21.0,7.0,-2.0,0.0,1.0,0.0,1,0,1,0,3,0,1,0,3.0,1.0,2.0
3059,20190001,1,21.0,5.0,1.0,1.0,0.0,0.0,3,0,1,0,3,0,1,0,3.0,1.0,5.0
3061,20190001,0,21.0,5.0,-3.0,0.0,1.0,1.0,0,0,1,0,3,0,1,4,1.0,1.0,6.0
3062,20190001,0,21.0,9.0,-4.0,2.0,1.0,1.0,0,0,1,0,3,0,1,3,2.0,0.0,0.0
3063,20190001,0,21.0,4.0,-2.0,1.0,1.0,1.0,1,0,1,0,3,0,1,0,1.0,0.0,4.0
3064,20190001,0,21.0,5.0,0.0,0.0,0.0,1.0,2,0,1,0,3,0,1,0,2.0,1.0,3.0
3065,20190001,0,21.0,6.0,-3.0,0.0,0.0,0.0,2,0,0,3,3,0,1,0,0.0,0.0,1.0
3066,20190001,0,21.0,6.0,0.0,0.0,0.0,0.0,3,0,0,0,3,0,1,0,2.0,1.0,0.0
3067,20190001,0,21.0,6.0,0.0,0.0,1.0,1.0,0,0,1,0,3,0,1,2,2.0,1.0,0.0
3068,20190001,0,21.0,5.0,-2.0,2.0,1.0,0.0,0,0,1,1,3,0,1,0,1.0,1.0,0.0
3069,20190001,0,20.0,5.0,-3.0,2.0,1.0,1.0,1,0,1,0,3,0,1,3,1.0,1.0,0.0
3070,20190001,0,20.0,7.0,-3.0,2.0,1.0,1.0,0,0,1,0,3,0,1,0,0.0,1.0,0.0
3071,20190001,0,20.0,5.0,-1.0,0.0,1.0,1.0,0,0,1,0,3,0,1,3,0.0,0.0,0.0
3072,20190001,1,20.0,6.0,1.0,2.0,0.0,0.0,3,0,0,3,3,0,1,2,2.0,1.0,0.0
3073,20190001,1,20.0,5.0,0.0,2.0,1.0,1.0,0,0,1,0,3,0,1,2,0.0,1.0,4.0
3074,20190001,1,20.0,6.0,0.0,0.0,1.0,0.0,1,0,1,0,3,0,1,0,1.0,1.0,0.0
3075,20190001,0,20.0,5.0,5.0,0.0,1.0,1.0,0,0,1,0,3,0,1,2,0.0,1.0,0.0
3076,20190001,0,20.0,6.0,-2.0,0.0,1.0,1.0,1,0,1,0,3,0,1,2,0.0,1.0,0.0
3077,20190001,1,20.0,4.0,1.0,2.0,0.0,0.0,2,1,0,3,3,0,1,1,1.0,1.0,0.0
3078,20190001,0,20.0,9.0,-6.0,0.0,1.0,1.0,0,0,1,0,3,0,1,0,1.0,0.0,0.0
3079,20190001,0,20.0,7.0,-2.0,2.0,0.0,1.0,2,0,1,3,3,0,1,0,1.0,1.0,0.0
3080,20190001,0,20.0,6.0,2.0,1.0,1.0,1.0,1,0,1,0,3,0,1,0,3.0,1.0,0.0
3081,20190001,1,20.0,9.0,-4.0,0.0,0.0,1.0,3,0,0,0,3,0,1,0,2.0,0.0,2.0
3082,20190001,1,20.0,7.0,-4.0,0.0,1.0,1.0,0,0,1,0,3,0,1,0,1.0,1.0,0.0
3083,20190001,0,20.0,7.0,-1.0,0.0,0.0,1.0,3,0,1,1,3,0,1,0,0.0,0.0,0.0
3084,20190001,1,20.0,8.0,-2.0,0.0,1.0,0.0,0,0,1,0,3,0,1,1,3.0,1.0,0.0
3085,20190001,1,20.0,5.0,0.0,2.0,0.0,1.0,0,0,1,0,3,0,1,0,3.0,1.0,0.0
3086,20190001,0,20.0,4.0,-1.0,2.0,1.0,1.0,0,0,1,0,3,0,1,2,1.0,0.0,0.0
3087,20190001,0,20.0,5.0,0.0,0.0,1.0,0.0,0,0,1,0,3,0,1,0,1.0,0.0,0.0
3088,20190001,1,21.0,6.0,0.0,2.0,1.0,1.0,0,0,1,0,3,0,1,0,0.0,0.0,3.0
3089,20190001,0,21.0,8.0,-3.0,0.0,0.0,0.0,3,0,0,0,3,0,1,0,1.0,0.0,6.0
3090,20190001,0,21.0,8.0,1.0,0.0,1.0,0.0,1,0,1,0,3,0,1,2,3.0,1.0,4.0
3091,20190001,1,21.0,6.0,0.0,0.0,0.0,1.0,2,0,1,0,3,0,1,0,1.0,1.0,0.0
3092,20190001,1,21.0,7.0,-1.0,2.0,1.0,1.0,0,0,1,0,3,0,1,0,1.0,0.0,0.0
3093,20190001,1,21.0,8.0,-1.0,2.0,1.0,1.0,0,0,1,0,3,0,1,1,2.0,1.0,3.0
3094,20190001,0,21.0,9.0,-4.0,1.0,1.0,1.0,1,0,1,0,3,0,1,0,1.0,0.0,3.0
3095,20190001,1,21.0,6.0,-1.0,2.0,1.0,0.0,1,0,1,0,3,0,1,0,1.0,0.0,0.0
3096,20190001,0,21.0,8.0,-5.0,0.0,1.0,1.0,1,0,1,3,3,0,1,0,1.0,0.0,0.0
3097,20190001,0,21.0,8.0,-2.0,0.0,1.0,1.0,0,0,1,0,3,0,1,0,2.0,1.0,0.0
3098,20190001,1,21.0,8.0,-3.0,2.0,1.0,0.0,1,0,1,0,3,0,1,3,2.0,1.0,0.0
3099,20190001,1,21.0,8.0,-3.0,2.0,1.0,1.0,0,0,1,0,3,0,1,0,2.0,1.0,0.0
3100,20190001,0,21.0,7.0,0.0,0.0,0.0,1.0,3,0,1,0,3,0,1,0,2.0,0.0,0.0
3101,20190001,0,21.0,9.0,-4.0,1.0,0.0,0.0,3,0,1,3,3,0,1,0,0.0,0.0,5.0
3102,20190001,0,21.0,8.0,-3.0,2.0,1.0,1.0,0,0,1,0,3,0,1,0,1.0,0.0,0.0
3103,20190001,1,21.0,7.0,0.0,0.0,0.0,1.0,2,0,1,0,3,0,1,0,3.0,1.0,0.0
3104,20190001,0,21.0,8.0,-2.0,0.0,1.0,1.0,1,0,1,0,3,0,1,0,1.0,0.0,0.0
3105,20190001,1,21.0,9.0,-3.0,0.0,1.0,0.0,1,0,1,0,3,0,1,0,0.0,0.0,0.0
3106,20190001,0,21.0,9.0,-2.0,1.0,1.0,1.0,1,0,1,0,3,0,1,2,1.0,1.0,0.0
3107,20190001,1,21.0,6.0,-1.0,2.0,1.0,0.0,0,0,1,1,3,0,1,0,1.0,0.0,0.0
3108,20190001,1,22.0,10.0,-5.0,0.0,1.0,0.0,2,0,1,0,3,0,1,2,1.0,0.0,0.0
3109,20190001,0,22.0,8.0,-5.0,0.0,1.0,1.0,1,0,1,0,3,0,1,0,1.0,0.0,0.0
3110,20190001,1,22.0,8.0,-4.0,2.0,0.0,0.0,2,0,0,4,3,0,1,2,2.0,1.0,4.0
3111,20190001,0,22.0,7.0,-2.0,0.0,1.0,1.0,0,0,1,0,3,0,1,0,0.0,0.0,0.0
3112,20190001,1,22.0,8.0,-3.0,2.0,0.0,1.0,3,1,1,3,3,0,1,1,1.0,0.0,0.0
3113,20190001,1,22.0,8.0,-2.0,0.0,0.0,1.0,2,0,1,0,3,0,1,2,2.0,0.0,0.0
3114,20190001,0,22.0,8.0,-2.0,0.0,1.0,1.0,1,0,1,0,3,0,1,0,2.0,1.0,1.0
3115,20190001,1,22.0,8.0,-3.0,0.0,0.0,0.0,3,0,0,3,3,0,1,3,2.0,0.0,0.0
3116,20190001,1,22.0,6.0,1.0,0.0,1.0,0.0,0,0,1,0,3,0,1,2,2.0,1.0,1.0
3117,20190001,0,22.0,5.0,-3.0,2.0,1.0,1.0,0,0,1,0,3,0,1,3,1.0,1.0,0.0
3118,20190001,0,22.0,7.0,-1.0,2.0,1.0,1.0,0,0,1,0,3,0,1,3,1.0,0.0,1.0
3119,20190001,1,22.0,8.0,-5.0,2.0,0.0,0.0,3,0,0,3,3,0,1,0,2.0,1.0,2.0
3121,20190001,1,22.0,6.0,0.0,0.0,1.0,0.0,1,0,1,0,3,0,1,0,1.0,1.0,4.0
3122,20190001,1,22.0,5.0,0.0,0.0,1.0,0.0,1,0,1,0,3,0,1,1,3.0,1.0,2.0
3123,20190001,1,22.0,6.0,0.0,2.0,1.0,1.0,1,0,1,0,3,0,1,3,2.0,0.0,0.0
3124,20190001,0,22.0,6.0,1.0,2.0,1.0,1.0,0,0,1,0,3,0,1,3,1.0,0.0,0.0
3126,20190001,1,22.0,9.0,-2.0,0.0,1.0,1.0,1,0,1,0,3,0,1,3,3.0,0.0,0.0
3127,20190001,1,20.0,7.0,-4.0,1.0,1.0,1.0,0,0,1,0,3,0,1,2,1.0,0.0,0.0
3128,20190001,0,22.0,4.0,2.0,0.0,1.0,1.0,0,0,1,0,3,0,1,0,2.0,1.0,0.0
3129,20190001,0,21.0,3.0,1.0,0.0,0.0,0.0,2,1,0,0,3,0,1,0,1.0,1.0,0.0
3130,20190001,1,22.0,7.0,-1.0,0.0,1.0,1.0,0,0,1,1,3,0,1,0,1.0,0.0,3.0
3131,20190001,1,22.0,6.0,-1.0,0.0,0.0,0.0,3,0,0,0,3,0,1,3,1.0,0.0,1.0
3132,20190001,1,21.0,4.0,0.0,0.0,0.0,0.0,2,0,0,0,3,0,1,3,2.0,0.0,6.0
3133,20190001,1,19.0,6.0,-3.0,0.0,1.0,0.0,1,0,1,1,3,0,1,0,1.0,0.0,0.0
3134,20190001,0,19.0,5.0,2.0,0.0,1.0,1.0,0,0,1,0,3,0,1,0,1.0,0.0,0.0
3135,20190001,0,19.0,4.0,-1.0,1.0,1.0,1.0,0,0,1,0,3,0,1,0,1.0,0.0,0.0
3136,20190001,1,19.0,8.0,-3.0,2.0,0.0,0.0,3,0,0,3,3,0,1,0,2.0,0.0,4.0
3137,20190001,0,21.0,5.0,0.0,0.0,1.0,0.0,0,0,1,0,3,0,1,2,2.0,1.0,0.0
3138,20190001,0,21.0,9.0,-3.0,0.0,1.0,1.0,0,0,1,0,3,0,1,2,1.0,1.0,0.0
3139,20190001,1,19.0,5.0,-3.0,2.0,1.0,1.0,0,0,1,0,3,0,1,3,1.0,0.0,0.0
3140,20190001,0,21.0,6.0,-1.0,2.0,1.0,1.0,0,0,1,0,3,0,1,3,2.0,1.0,0.0
3141,20190001,0,19.0,5.0,0.0,0.0,1.0,1.0,0,0,1,0,3,0,1,0,1.0,0.0,0.0
3143,20190001,0,21.0,4.0,-1.0,2.0,1.0,1.0,0,0,1,0,3,0,1,3,1.0,0.0,0.0
3145,20190001,0,20.0,3.0,2.0,2.0,0.0,0.0,2,0,0,4,3,0,1,2,3.0,1.0,0.0
3146,20190001,0,20.0,6.0,-1.0,1.0,1.0,0.0,1,0,1,0,3,0,1,3,1.0,1.0,3.0
3147,20190001,0,19.0,6.0,0.0,1.0,1.0,0.0,1,0,1,0,3,0,1,0,2.0,1.0,5.0
3148,20190001,0,23.0,9.0,-4.0,2.0,1.0,0.0,0,0,1,1,3,0,1,0,0.0,0.0,6.0
3149,20190001,0,19.0,6.0,-1.0,2.0,1.0,1.0,0,0,1,0,3,0,1,0,1.0,0.0,0.0
3150,20190001,1,22.0,8.0,-2.0,2.0,1.0,0.0,0,0,1,0,3,0,1,0,2.0,0.0,5.0
3151,20190001,0,20.0,7.0,-2.0,1.0,1.0,1.0,1,0,1,0,3,0,1,1,1.0,1.0,0.0
3152,20190001,1,19.0,6.0,-1.0,2.0,1.0,1.0,0,0,1,1,3,0,1,0,0.0,0.0,5.0
3153,20190001,0,19.0,2.0,1.0,0.0,1.0,1.0,0,0,1,0,3,0,1,0,1.0,0.0,0.0
3154,20190001,0,21.0,5.0,-2.0,2.0,1.0,1.0,0,0,1,1,3,0,1,0,0.0,0.0,0.0
3155,20190001,1,22.0,3.0,-1.0,0.0,0.0,1.0,2,0,1,0,3,0,1,0,3.0,0.0,5.0
3156,20190001,0,19.0,2.0,0.0,0.0,1.0,1.0,0,0,1,0,3,0,1,1,0.0,0.0,0.0
3157,20190001,1,20.0,6.0,-6.0,2.0,1.0,0.0,1,0,1,0,3,0,1,5,2.0,1.0,2.0
3158,20190001,0,20.0,1.0,-1.0,0.0,1.0,1.0,0,0,1,0,3,0,1,1,1.0,0.0,4.0
3159,20190001,0,19.0,4.0,-2.0,1.0,1.0,1.0,1,0,1,0,3,0,1,0,0.0,0.0,5.0
3160,20190001,1,19.0,6.0,-1.0,2.0,1.0,1.0,0,0,1,0,3,0,1,2,2.0,0.0,0.0
3161,20190001,0,21.0,8.0,-5.0,0.0,1.0,0.0,1,0,1,0,3,0,1,2,2.0,0.0,1.0
3162,20190001,0,21.0,4.0,-1.0,0.0,1.0,0.0,0,0,1,0,3,0,1,3,0.0,1.0,0.0
3163,20190001,0,19.0,2.0,-2.0,0.0,1.0,1.0,0,0,1,0,3,0,1,2,1.0,1.0,0.0
4001,20190904,0,17.0,5.0,-2.0,2.0,1.0,1.0,0,0,1,0,3,0,1,0,1.0,0.0,4.0
4002,20190904,0,17.0,6.0,-2.0,1.0,1.0,1.0,0,0,1,0,3,0,1,0,0.0,1.0,3.0
4003,20190904,0,17.0,9.0,-1.0,0.0,0.0,0.0,3,0,0,0,3,0,1,0,3.0,1.0,0.0
4004,20190904,0,17.0,4.0,-4.0,0.0,1.0,1.0,0,0,1,0,3,0,1,0,1.0,0.0,0.0
4005,20190904,0,17.0,7.0,-4.0,1.0,1.0,1.0,0,0,1,0,3,0,1,0,1.0,0.0,0.0
4006,20190904,0,17.0,7.0,-1.0,1.0,1.0,1.0,1,0,1,0,3,0,1,0,1.0,0.0,0.0
4007,20190904,0,17.0,3.0,7.0,2.0,1.0,0.0,1,0,1,1,3,0,1,0,0.0,0.0,1.0
4008,20190904,0,17.0,5.0,0.0,0.0,1.0,0.0,0,0,1,0,3,0,1,0,1.0,0.0,1.0
4009,20190904,0,17.0,5.0,-2.0,0.0,1.0,1.0,0,0,1,0,3,0,1,0,1.0,0.0,0.0
4010,20190904,0,17.0,8.0,-3.0,0.0,1.0,0.0,1,0,1,0,3,0,1,0,2.0,0.0,0.0
4011,20190904,0,17.0,7.0,-5.0,2.0,1.0,0.0,1,0,1,0,3,0,1,0,2.0,0.0,3.0
4013,20190904,0,17.0,3.0,-1.0,0.0,1.0,0.0,0,0,1,0,3,0,1,0,2.0,1.0,0.0
4014,20190904,0,17.0,4.0,0.0,2.0,1.0,0.0,0,0,1,0,3,0,1,2,2.0,0.0,3.0
4015,20190904,0,17.0,6.0,-2.0,0.0,0.0,1.0,2,0,1,0,3,0,1,0,0.0,0.0,0.0
4016,20190904,0,17.0,6.0,-2.0,1.0,0.0,0.0,2,0,1,3,3,0,1,0,1.0,0.0,0.0
4017,20190904,0,17.0,4.0,1.0,0.0,1.0,1.0,0,0,1,0,3,0,1,0,0.0,1.0,0.0
4018,20190904,0,17.0,6.0,-5.0,0.0,1.0,1.0,0,0,1,0,3,0,1,0,0.0,0.0,3.0
4019,20190904,0,17.0,6.0,1.0,0.0,1.0,1.0,1,0,1,0,3,0,1,0,1.0,1.0,0.0
4020,20190904,0,17.0,4.0,-1.0,1.0,1.0,1.0,0,0,1,0,3,0,1,1,1.0,0.0,0.0
4021,20190904,0,17.0,2.0,3.0,0.0,1.0,1.0,0,0,1,0,3,0,1,0,1.0,0.0,0.0
4022,20190904,0,17.0,4.0,0.0,1.0,1.0,1.0,0,0,1,0,3,0,1,0,2.0,1.0,0.0
4023,20190904,0,17.0,7.0,-2.0,0.0,1.0,1.0,0,0,1,0,2,0,1,0,1.0,1.0,0.0
4024,20190904,0,17.0,3.0,-1.0,2.0,1.0,1.0,1,0,1,0,3,0,1,0,1.0,0.0,0.0
4025,20190904,0,17.0,3.0,-3.0,2.0,1.0,1.0,0,0,1,0,3,0,1,0,1.0,0.0,0.0
4026,20190904,1,17.0,6.0,-1.0,0.0,0.0,1.0,2,0,1,0,3,0,1,0,1.0,1.0,0.0
4027,20190904,1,17.0,7.0,-4.0,1.0,1.0,1.0,2,0,1,0,3,0,1,0,1.0,1.0,4.0
4028,20190904,1,17.0,4.0,0.0,2.0,1.0,0.0,0,0,1,0,3,0,1,0,2.0,1.0,0.0
4029,20190904,1,17.0,3.0,0.0,1.0,1.0,1.0,0,0,1,0,3,0,1,0,1.0,1.0,0.0
4030,20190904,1,17.0,5.0,-3.0,0.0,0.0,0.0,2,0,0,2,3,0,1,0,1.0,1.0,2.0
4031,20190904,1,17.0,7.0,1.0,0.0,0.0,0.0,3,0,0,1,3,0,1,1,2.0,0.0,0.0
4032,20190904,1,17.0,4.0,-2.0,2.0,1.0,0.0,0,0,1,0,3,0,1,0,3.0,1.0,1.0
4033,20190904,1,17.0,6.0,-1.0,2.0,0.0,1.0,2,0,1,0,3,0,1,1,2.0,1.0,0.0
4034,20190904,1,17.0,7.0,-4.0,2.0,0.0,1.0,2,0,1,0,3,0,1,0,2.0,0.0,3.0
4035,20190904,1,17.0,2.0,2.0,0.0,1.0,0.0,0,0,1,0,3,0,1,0,1.0,1.0,6.0
4036,20190904,1,17.0,7.0,-4.0,0.0,1.0,0.0,2,0,1,0,3,0,1,0,2.0,0.0,0.0
4037,20190904,1,17.0,6.0,2.0,1.0,1.0,0.0,1,0,1,0,3,0,1,3,1.0,0.0,0.0
4038,20190904,1,17.0,6.0,-3.0,0.0,1.0,1.0,1,0,1,0,3,0,1,0,0.0,0.0,0.0
4041,20190904,1,17.0,6.0,4.0,0.0,0.0,0.0,3,0,0,2,3,0,1,0,1.0,1.0,0.0
4042,20190904,1,17.0,8.0,-2.0,2.0,1.0,1.0,1,0,1,0,3,0,1,0,1.0,1.0,1.0
4043,20190904,1,17.0,7.0,-2.0,2.0,0.0,0.0,3,0,0,0,3,0,1,0,1.0,1.0,0.0
4044,20190904,1,17.0,5.0,-1.0,0.0,0.0,0.0,3,0,0,1,3,0,1,0,1.0,1.0,6.0
4045,20190904,1,17.0,7.0,-3.0,0.0,0.0,0.0,3,0,0,0,3,0,1,0,2.0,1.0,0.0
4046,20190904,0,17.0,4.0,1.0,0.0,1.0,1.0,0,0,1,0,3,0,1,0,0.0,0.0,0.0
4047,20190904,0,17.0,6.0,-3.0,2.0,0.0,1.0,2,0,1,0,3,0,1,0,0.0,1.0,0.0
4049,20190904,0,17.0,7.0,0.0,0.0,1.0,1.0,0,0,1,0,3,0,1,1,2.0,1.0,0.0
4050,20190904,0,17.0,2.0,0.0,1.0,1.0,0.0,0,0,1,0,3,0,1,0,3.0,0.0,0.0
4051,20190904,0,17.0,6.0,-4.0,2.0,0.0,0.0,2,0,0,1,3,0,1,0,0.0,0.0,2.0
4052,20190904,0,17.0,6.0,-1.0,0.0,0.0,1.0,2,0,1,0,3,0,1,0,0.0,0.0,0.0
4053,20190904,0,17.0,5.0,0.0,0.0,1.0,0.0,0,0,1,0,3,0,1,1,1.0,1.0,1.0
4054,20190904,0,17.0,5.0,0.0,2.0,0.0,0.0,2,0,0,0,3,0,1,0,1.0,0.0,0.0
4055,20190904,0,17.0,6.0,-1.0,2.0,1.0,1.0,0,0,1,0,3,0,1,0,1.0,0.0,0.0
4056,20190904,0,17.0,5.0,-3.0,0.0,1.0,0.0,0,0,1,0,3,0,1,0,1.0,0.0,0.0
4057,20190904,0,17.0,4.0,-2.0,0.0,0.0,1.0,2,0,1,0,3,0,1,0,2.0,0.0,1.0
4058,20190904,0,17.0,9.0,-1.0,1.0,1.0,0.0,1,0,1,0,3,0,1,0,1.0,0.0,0.0
4059,20190904,1,17.0,5.0,3.0,1.0,0.0,0.0,2,0,0,3,3,0,1,0,2.0,0.0,0.0
4060,20190904,1,17.0,4.0,0.0,0.0,1.0,0.0,0,0,1,0,3,0,1,0,0.0,0.0,2.0
4061,20190904,1,17.0,8.0,-2.0,0.0,0.0,1.0,2,0,1,2,3,0,1,2,3.0,1.0,0.0
4062,20190904,1,17.0,6.0,0.0,1.0,0.0,0.0,2,0,1,0,3,0,1,0,3.0,0.0,0.0
4063,20190904,1,17.0,3.0,2.0,0.0,1.0,0.0,1,0,0,0,3,0,1,2,1.0,0.0,0.0
4064,20190904,1,17.0,6.0,-1.0,0.0,0.0,0.0,3,0,0,3,3,0,1,0,1.0,1.0,0.0
4065,20190904,1,17.0,5.0,0.0,0.0,1.0,0.0,0,0,0,0,3,0,1,0,1.0,1.0,0.0
4066,20190904,1,17.0,6.0,-3.0,2.0,0.0,0.0,2,1,0,1,3,0,1,0,2.0,0.0,7.0
4067,20190904,1,17.0,1.0,0.0,0.0,1.0,0.0,0,0,0,0,3,0,1,0,0.0,0.0,0.0
4068,20190904,1,17.0,7.0,0.0,0.0,1.0,1.0,0,0,1,0,3,0,1,0,1.0,0.0,1.0
4069,20190904,1,17.0,1.0,2.0,2.0,0.0,1.0,1,0,0,0,3,0,1,0,3.0,1.0,0.0
4071,20190904,1,17.0,3.0,2.0,0.0,0.0,0.0,3,0,0,3,3,0,1,0,3.0,1.0,0.0
4072,20190904,1,17.0,0.0,0.0,2.0,0.0,0.0,1,0,0,0,3,0,1,1,1.0,1.0,0.0
4073,20190904,1,17.0,5.0,2.0,0.0,0.0,0.0,2,1,0,1,3,0,1,3,1.0,1.0,1.0
4074,20190904,1,17.0,8.0,-4.0,1.0,1.0,1.0,1,0,1,0,3,0,1,2,1.0,1.0,0.0
4076,20190904,1,17.0,6.0,1.0,0.0,1.0,0.0,1,0,1,0,3,0,1,0,2.0,0.0,0.0
4077,20190904,1,17.0,3.0,-1.0,0.0,0.0,1.0,2,0,1,0,3,0,1,1,1.0,0.0,0.0
4078,20190904,1,17.0,8.0,-3.0,0.0,1.0,0.0,2,0,1,0,3,0,1,0,1.0,0.0,3.0
4079,20190904,1,17.0,4.0,-1.0,0.0,1.0,1.0,0,0,1,0,3,0,1,0,1.0,0.0,0.0
4080,20190904,1,17.0,5.0,-1.0,1.0,0.0,0.0,2,0,1,1,3,0,1,3,2.0,1.0,0.0
4081,20190904,1,17.0,6.0,-1.0,2.0,1.0,0.0,0,0,1,0,3,0,1,0,3.0,1.0,3.0
4082,20190904,1,17.0,4.0,2.0,0.0,1.0,0.0,1,0,1,0,3,0,1,0,2.0,1.0,1.0
4083,20190904,1,17.0,5.0,1.0,0.0,0.0,0.0,3,0,0,1,3,0,1,0,3.0,0.0,5.0
6001,20191201,1,15.0,7.0,-4.0,1.0,1.0,0.0,2,0,1,0,3,0,1,0,2.0,1.0,0.0
6002,20191201,1,15.0,9.0,-4.0,2.0,0.0,1.0,3,0,1,0,3,0,1,1,1.0,0.0,6.0
6003,20191201,1,15.0,6.0,-3.0,2.0,0.0,0.0,2,0,0,1,3,0,1,0,2.0,1.0,5.0
6004,20191201,1,15.0,7.0,-4.0,2.0,1.0,1.0,0,0,1,0,3,0,1,0,2.0,0.0,6.0
6005,20191201,1,15.0,6.0,-3.0,0.0,1.0,0.0,1,0,1,0,3,0,1,0,1.0,0.0,0.0
6006,20191201,1,15.0,7.0,-4.0,0.0,1.0,1.0,0,0,1,0,3,0,1,0,1.0,0.0,2.0
6007,20191201,0,15.0,5.0,-4.0,2.0,1.0,0.0,0,0,1,0,3,0,1,0,0.0,1.0,3.0
6008,20191201,0,15.0,4.0,0.0,0.0,0.0,1.0,1,0,1,1,3,0,1,0,1.0,1.0,0.0
6009,20191201,0,15.0,6.0,-6.0,2.0,0.0,0.0,2,0,1,1,3,0,1,0,1.0,0.0,0.0
6010,20191201,1,15.0,4.0,6.0,2.0,0.0,0.0,3,1,1,3,3,0,1,0,3.0,1.0,5.0
6011,20191201,1,15.0,7.0,-4.0,2.0,1.0,0.0,0,0,1,0,3,0,1,0,2.0,1.0,0.0
6012,20191201,0,15.0,8.0,-5.0,0.0,0.0,0.0,3,0,1,0,3,0,1,0,1.0,1.0,0.0
6013,20191201,1,15.0,7.0,-3.0,0.0,1.0,1.0,1,0,1,0,3,0,1,0,1.0,1.0,2.0
6014,20191201,0,15.0,7.0,-5.0,1.0,1.0,1.0,1,0,1,0,3,0,1,0,1.0,1.0,0.0
6015,20191201,1,15.0,6.0,-4.0,0.0,1.0,1.0,1,0,1,0,3,0,1,0,1.0,0.0,0.0
6016,20191201,0,15.0,8.0,-5.0,0.0,1.0,0.0,1,0,1,0,3,0,1,0,1.0,0.0,0.0
6017,20191201,0,15.0,3.0,-3.0,1.0,1.0,0.0,0,0,1,0,3,0,1,0,2.0,1.0,0.0
6018,20191201,0,15.0,6.0,-3.0,2.0,1.0,1.0,0,0,1,0,3,0,1,0,0.0,0.0,0.0
6019,20191201,0,15.0,6.0,-1.0,1.0,1.0,1.0,1,0,1,0,3,0,1,0,3.0,1.0,0.0
6020,20191201,0,15.0,3.0,4.0,0.0,0.0,0.0,3,0,1,3,3,0,1,2,2.0,0.0,0.0
6021,20191201,0,15.0,5.0,0.0,0.0,1.0,1.0,0,0,1,0,3,0,1,0,1.0,0.0,0.0
6022,20191201,1,15.0,4.0,-4.0,2.0,1.0,1.0,0,0,1,0,3,0,1,0,2.0,1.0,3.0
6023,20191201,0,15.0,3.0,-2.0,0.0,1.0,0.0,0,0,1,0,3,0,1,0,2.0,0.0,0.0
6024,20191201,0,15.0,3.0,0.0,0.0,1.0,1.0,0,0,1,0,3,0,1,0,1.0,1.0,0.0
6025,20191201,1,15.0,1.0,4.0,2.0,1.0,1.0,0,0,1,0,3,0,1,1,1.0,0.0,4.0
6026,20191201,1,15.0,0.0,0.0,2.0,0.0,0.0,2,0,0,0,3,0,1,0,0.0,1.0,4.0
6027,20191201,0,15.0,3.0,-1.0,1.0,1.0,1.0,0,0,1,0,3,0,1,0,1.0,1.0,1.0
6029,20191201,0,15.0,5.0,-5.0,1.0,1.0,1.0,0,0,1,0,3,0,1,0,1.0,1.0,0.0
6030,20191201,1,15.0,6.0,2.0,0.0,0.0,0.0,3,0,0,2,3,0,1,3,3.0,1.0,0.0
6031,20191201,0,15.0,7.0,3.0,0.0,0.0,0.0,3,0,1,1,3,0,1,0,0.0,1.0,8.0
6032,20191201,1,15.0,5.0,-2.0,0.0,1.0,1.0,0,0,1,0,3,0,1,0,1.0,1.0,0.0
6033,20191201,1,15.0,7.0,0.0,0.0,0.0,1.0,2,0,1,2,3,0,1,0,3.0,0.0,3.0
6034,20191201,0,15.0,2.0,-1.0,0.0,1.0,0.0,0,0,1,0,2,0,1,0,1.0,0.0,3.0
6035,20191201,1,15.0,6.0,-4.0,1.0,1.0,0.0,1,0,1,0,3,0,1,0,2.0,1.0,8.0
6036,20191201,0,15.0,6.0,-3.0,1.0,0.0,0.0,3,0,1,1,3,0,1,0,2.0,0.0,0.0
6037,20191201,1,15.0,5.0,-3.0,2.0,1.0,1.0,1,0,1,0,3,0,1,0,1.0,1.0,3.0
6038,20191201,0,15.0,6.0,4.0,2.0,0.0,0.0,3,0,0,3,3,0,1,0,2.0,1.0,1.0
6039,20191201,0,15.0,7.0,3.0,2.0,1.0,0.0,1,0,1,2,3,0,1,0,0.0,1.0,5.0
6040,20191201,1,15.0,6.0,-1.0,1.0,0.0,1.0,2,0,1,0,3,0,1,0,0.0,1.0,0.0
6041,20191201,1,15.0,4.0,-2.0,0.0,0.0,1.0,2,0,1,3,3,0,1,0,2.0,0.0,4.0
6042,20191201,1,15.0,5.0,2.0,2.0,1.0,1.0,1,0,1,0,3,0,1,0,0.0,0.0,0.0
6043,20191201,1,15.0,7.0,-4.0,2.0,1.0,1.0,0,0,1,0,3,0,1,0,1.0,0.0,6.0
6044,20191201,1,15.0,8.0,-1.0,2.0,1.0,1.0,0,0,1,0,3,0,1,0,2.0,1.0,2.0
6045,20191201,0,15.0,6.0,-6.0,1.0,1.0,1.0,1,0,1,0,3,0,1,0,3.0,0.0,0.0
6046,20191201,0,15.0,7.0,-4.0,2.0,1.0,1.0,0,0,1,0,3,0,1,0,1.0,0.0,3.0
6047,20191201,0,15.0,0.0,0.0,2.0,1.0,0.0,0,0,1,0,3,0,1,0,0.0,0.0,0.0
6048,20191201,0,15.0,5.0,1.0,1.0,0.0,1.0,2,0,1,1,3,0,1,0,2.0,1.0,0.0
6050,20191201,0,15.0,8.0,-2.0,0.0,1.0,1.0,1,0,1,0,3,0,1,0,1.0,0.0,0.0
6051,20191201,0,15.0,6.0,0.0,0.0,0.0,1.0,2,0,1,0,3,0,1,2,2.0,1.0,0.0
6052,20191201,0,15.0,7.0,0.0,2.0,1.0,0.0,0,0,1,0,3,0,1,0,2.0,0.0,0.0
6053,20191201,0,15.0,3.0,-1.0,2.0,1.0,1.0,0,0,1,0,3,0,1,0,1.0,1.0,0.0
6054,20191201,0,15.0,7.0,-2.0,0.0,1.0,1.0,0,0,1,0,3,0,1,0,2.0,0.0,0.0
6055,20191201,1,15.0,8.0,-2.0,2.0,1.0,0.0,1,0,1,0,3,0,1,0,1.0,1.0,6.0
6056,20191201,1,15.0,4.0,-1.0,1.0,1.0,1.0,0,0,1,0,3,0,1,0,2.0,0.0,6.0
6057,20191201,1,15.0,7.0,-2.0,0.0,1.0,1.0,1,0,1,0,3,0,1,0,2.0,1.0,5.0
6058,20191201,1,15.0,3.0,6.0,0.0,0.0,0.0,3,1,0,3,3,0,1,0,0.0,1.0,0.0
6059,20191201,1,15.0,5.0,-2.0,0.0,1.0,1.0,1,0,1,0,3,0,1,0,2.0,0.0,0.0
6061,20191201,1,15.0,1.0,0.0,1.0,0.0,0.0,2,0,1,0,3,0,1,0,0.0,0.0,8.0
6062,20191201,0,15.0,1.0,0.0,0.0,0.0,1.0,1,1,1,0,3,0,1,2,2.0,0.0,0.0
6063,20191201,0,15.0,1.0,-1.0,1.0,1.0,0.0,0,0,1,0,3,0,1,0,2.0,0.0,2.0
6064,20191201,0,15.0,6.0,-3.0,0.0,1.0,0.0,1,0,1,0,3,0,1,0,1.0,0.0,3.0
6065,20191201,0,15.0,4.0,0.0,0.0,0.0,0.0,2,0,1,0,3,0,1,0,3.0,0.0,1.0
6066,20191201,1,15.0,5.0,-3.0,2.0,1.0,1.0,0,0,1,0,3,0,1,0,2.0,1.0,6.0
6068,20191201,1,15.0,6.0,-5.0,0.0,1.0,1.0,0,0,1,0,3,0,1,0,1.0,0.0,1.0
6069,20191201,1,15.0,6.0,-3.0,0.0,0.0,0.0,2,0,0,0,3,0,1,3,2.0,1.0,0.0
6070,20191201,1,15.0,10.0,0.0,0.0,0.0,0.0,3,0,1,0,3,0,1,0,3.0,0.0,7.0
6071,20191201,1,15.0,7.0,-5.0,1.0,1.0,1.0,0,0,1,0,3,0,1,0,1.0,0.0,0.0
6072,20191201,1,15.0,6.0,-1.0,0.0,1.0,0.0,1,0,0,0,3,0,1,0,2.0,0.0,0.0
6073,20191201,1,15.0,7.0,-2.0,0.0,0.0,1.0,2,0,1,1,3,0,1,0,2.0,1.0,6.0
6074,20191201,1,15.0,7.0,-2.0,0.0,0.0,1.0,2,0,1,0,3,0,1,0,1.0,0.0,0.0
6076,20191201,1,15.0,4.0,-3.0,2.0,0.0,1.0,1,0,0,1,3,0,1,0,1.0,1.0,5.0
6077,20191201,0,15.0,5.0,1.0,0.0,1.0,1.0,0,0,1,0,3,0,1,0,1.0,0.0,0.0
6078,20191201,0,15.0,5.0,5.0,1.0,1.0,0.0,2,0,1,1,3,0,1,0,0.0,0.0,0.0
6079,20191201,0,15.0,1.0,0.0,0.0,1.0,1.0,0,0,1,0,3,0,1,2,1.0,1.0,0.0
6080,20191201,1,15.0,6.0,-3.0,0.0,0.0,0.0,3,0,0,0,3,0,1,0,1.0,0.0,5.0
6081,20191201,1,15.0,6.0,-2.0,2.0,1.0,1.0,0,0,1,0,3,0,1,0,1.0,0.0,0.0
6082,20191201,1,15.0,2.0,0.0,2.0,0.0,1.0,0,0,0,0,3,0,1,0,1.0,1.0,1.0
6083,20191201,1,15.0,9.0,-4.0,0.0,0.0,1.0,3,0,1,0,3,0,1,0,1.0,0.0,0.0
6084,20191201,0,15.0,8.0,-3.0,0.0,1.0,0.0,2,0,1,0,3,0,1,0,3.0,0.0,0.0
6085,20191201,1,15.0,5.0,-2.0,2.0,0.0,0.0,2,0,0,1,3,0,1,0,2.0,1.0,3.0
6086,20191201,1,15.0,3.0,-3.0,0.0,1.0,1.0,0,0,1,0,3,0,1,0,2.0,1.0,3.0
6087,20191201,1,15.0,0.0,10.0,2.0,0.0,0.0,3,1,0,3,3,0,1,0,0.0,0.0,7.0
6089,20191201,0,15.0,0.0,0.0,0.0,0.0,1.0,1,0,1,0,3,0,1,0,1.0,0.0,0.0
6090,20191201,1,15.0,5.0,0.0,2.0,1.0,1.0,0,0,1,0,3,0,1,0,1.0,0.0,0.0
6092,20191201,1,15.0,5.0,-3.0,0.0,1.0,1.0,0,0,1,0,3,0,1,0,0.0,0.0,5.0
6093,20191201,1,15.0,5.0,-2.0,2.0,0.0,0.0,2,0,0,0,3,0,1,0,2.0,0.0,4.0
6094,20191201,0,15.0,5.0,-3.0,0.0,1.0,1.0,0,0,1,0,3,0,1,3,2.0,1.0,0.0
6095,20191201,0,15.0,2.0,-1.0,0.0,1.0,1.0,0,0,1,0,2,0,1,2,1.0,0.0,0.0
6096,20191201,0,15.0,3.0,-2.0,0.0,1.0,0.0,1,0,1,0,3,0,1,0,1.0,0.0,0.0
6097,20191201,0,15.0,7.0,-3.0,0.0,0.0,1.0,2,0,1,0,3,0,1,1,2.0,1.0,0.0
6098,20191201,1,15.0,6.0,-3.0,2.0,0.0,0.0,2,0,0,0,3,0,1,0,1.0,0.0,5.0
6099,20191201,1,15.0,3.0,0.0,2.0,0.0,1.0,1,0,0,0,3,0,1,0,1.0,0.0,3.0
6100,20191201,0,15.0,3.0,-2.0,0.0,1.0,1.0,0,0,1,0,3,0,1,0,2.0,1.0,1.0
6101,20191201,1,15.0,1.0,-1.0,2.0,1.0,1.0,0,0,1,0,3,0,1,0,1.0,0.0,5.0
6102,20191201,1,15.0,6.0,1.0,1.0,1.0,0.0,1,0,1,1,3,0,1,0,0.0,0.0,5.0
6103,20191201,1,15.0,3.0,-3.0,2.0,1.0,0.0,0,0,1,0,3,0,1,0,2.0,0.0,4.0
6105,20191201,1,15.0,4.0,-2.0,0.0,0.0,0.0,2,1,0,0,3,0,1,0,3.0,1.0,3.0
6106,20191201,1,15.0,5.0,-5.0,2.0,1.0,0.0,0,0,1,0,3,0,1,0,3.0,1.0,0.0
6107,20191201,0,15.0,5.0,-2.0,0.0,1.0,1.0,1,0,1,0,3,0,1,0,2.0,1.0,0.0
6108,20191201,1,15.0,0.0,0.0,2.0,0.0,0.0,1,0,0,0,3,0,1,0,3.0,1.0,6.0
6109,20191201,0,15.0,7.0,-6.0,1.0,0.0,1.0,2,0,1,0,3,0,1,0,0.0,0.0,0.0
6110,20191201,0,15.0,3.0,-2.0,2.0,1.0,1.0,0,0,1,0,3,0,1,1,1.0,0.0,0.0
6111,20191201,0,15.0,4.0,2.0,2.0,0.0,0.0,2,0,0,1,3,0,1,0,1.0,0.0,3.0
6112,20191201,1,15.0,6.0,4.0,2.0,0.0,0.0,3,0,0,0,3,0,1,0,3.0,1.0,3.0
6113,20191201,0,15.0,3.0,2.0,1.0,1.0,1.0,0,0,1,0,3,0,1,0,1.0,0.0,0.0
6114,20191201,0,15.0,6.0,-4.0,0.0,0.0,1.0,2,0,1,0,3,0,1,0,1.0,0.0,5.0
6115,20191201,0,15.0,6.0,-4.0,1.0,0.0,1.0,2,0,1,0,3,0,1,0,1.0,0.0,0.0
7001,20191201,1,16.0,5.0,2.0,0.0,1.0,0.0,1,0,1,0,3,0,1,1,0.0,1.0,3.0
7002,20191201,1,16.0,6.0,-4.0,2.0,1.0,0.0,1,0,1,0,3,0,1,0,2.0,0.0,0.0
7003,20191201,1,16.0,7.0,0.0,2.0,0.0,0.0,3,0,0,0,3,0,1,0,3.0,1.0,5.0
7004,20191201,1,16.0,9.0,-1.0,0.0,0.0,0.0,3,0,0,3,3,0,1,0,3.0,0.0,1.0
7005,20191201,1,16.0,7.0,-1.0,0.0,1.0,1.0,1,0,1,0,3,0,1,0,3.0,1.0,0.0
7006,20191201,0,16.0,5.0,1.0,0.0,1.0,1.0,0,0,1,0,3,0,1,0,0.0,0.0,0.0
7007,20191201,0,16.0,5.0,-1.0,0.0,1.0,0.0,1,0,1,0,3,0,1,0,2.0,0.0,0.0
7008,20191201,0,16.0,5.0,-5.0,0.0,0.0,1.0,2,0,1,0,3,0,1,0,0.0,0.0,0.0
7009,20191201,1,16.0,8.0,-8.0,0.0,0.0,0.0,3,0,0,3,3,0,1,0,2.0,0.0,8.0
7010,20191201,0,16.0,8.0,-1.0,0.0,1.0,0.0,1,0,1,0,3,0,1,0,1.0,0.0,0.0
7011,20191201,0,16.0,6.0,-3.0,2.0,1.0,0.0,1,0,0,0,3,0,1,0,1.0,0.0,0.0
7012,20191201,1,16.0,4.0,-1.0,2.0,1.0,0.0,0,0,0,1,3,0,1,0,3.0,1.0,0.0
7013,20191201,0,16.0,5.0,-2.0,2.0,1.0,1.0,0,0,1,0,3,0,1,0,2.0,0.0,0.0
7014,20191201,0,16.0,7.0,-5.0,0.0,1.0,1.0,0,0,1,0,3,0,1,0,1.0,0.0,0.0
7015,20191201,0,16.0,5.0,-3.0,0.0,1.0,1.0,0,0,1,0,3,0,1,0,1.0,1.0,0.0
7016,20191201,1,16.0,5.0,-3.0,0.0,1.0,1.0,0,0,1,0,3,0,1,3,0.0,0.0,0.0
7017,20191201,1,16.0,7.0,-1.0,0.0,0.0,0.0,3,0,0,1,3,0,1,0,2.0,1.0,0.0
7018,20191201,0,16.0,8.0,-4.0,0.0,0.0,1.0,2,0,1,2,3,0,1,0,3.0,0.0,0.0
7019,20191201,0,16.0,8.0,-1.0,0.0,1.0,0.0,1,0,1,0,3,0,1,0,1.0,1.0,1.0
7020,20191201,0,16.0,6.0,-4.0,0.0,0.0,0.0,2,0,1,1,3,0,1,0,0.0,0.0,0.0
7021,20191201,1,16.0,8.0,-1.0,2.0,1.0,1.0,1,0,1,0,3,0,1,0,0.0,0.0,5.0
7022,20191201,1,16.0,8.0,-1.0,2.0,0.0,1.0,2,1,1,1,3,0,1,0,1.0,1.0,0.0
7023,20191201,0,16.0,7.0,0.0,2.0,1.0,1.0,0,0,1,0,3,0,1,0,1.0,0.0,0.0
7024,20191201,0,16.0,4.0,1.0,2.0,1.0,0.0,0,0,1,0,3,0,1,0,2.0,0.0,1.0
7025,20191201,1,16.0,8.0,-7.0,2.0,0.0,0.0,3,1,0,1,3,0,1,0,2.0,0.0,0.0
7026,20191201,1,16.0,6.0,3.0,2.0,0.0,0.0,2,0,0,0,3,0,1,0,3.0,0.0,0.0
7027,20191201,1,16.0,7.0,3.0,1.0,1.0,0.0,2,0,1,1,3,0,1,0,1.0,0.0,0.0
7028,20191201,1,16.0,7.0,-3.0,0.0,1.0,1.0,1,0,1,0,3,0,1,0,2.0,1.0,0.0
7029,20191201,0,16.0,5.0,-1.0,1.0,1.0,1.0,1,0,1,0,3,0,1,0,0.0,1.0,0.0
7030,20191201,0,16.0,5.0,-5.0,1.0,1.0,1.0,0,0,1,0,3,0,1,0,1.0,0.0,0.0
7031,20191201,1,16.0,7.0,0.0,1.0,1.0,0.0,1,0,1,0,3,0,1,0,0.0,1.0,1.0
7032,20191201,0,16.0,4.0,3.0,2.0,0.0,0.0,2,0,0,1,3,0,1,0,2.0,1.0,2.0
7033,20191201,1,16.0,7.0,-4.0,0.0,1.0,1.0,1,0,1,0,3,0,1,0,1.0,0.0,5.0
7034,20191201,1,16.0,8.0,2.0,0.0,0.0,0.0,3,0,0,1,3,0,1,0,3.0,0.0,3.0
7035,20191201,0,16.0,6.0,0.0,2.0,1.0,1.0,0,0,1,0,3,0,1,0,2.0,1.0,0.0
7036,20191201,1,16.0,8.0,-2.0,0.0,0.0,0.0,3,0,1,2,3,0,1,0,3.0,1.0,0.0
7037,20191201,0,16.0,6.0,-1.0,0.0,0.0,1.0,2,0,1,1,3,0,1,0,0.0,0.0,0.0
7038,20191201,0,16.0,8.0,-3.0,2.0,1.0,1.0,1,0,1,0,3,0,1,0,2.0,0.0,0.0
7040,20191201,1,16.0,6.0,-1.0,2.0,1.0,0.0,0,0,1,1,3,0,1,0,1.0,1.0,0.0
7041,20191201,1,16.0,2.0,-1.0,1.0,0.0,0.0,2,0,0,0,3,0,1,0,0.0,1.0,4.0
7042,20191201,0,16.0,5.0,-3.0,2.0,1.0,0.0,1,0,1,0,3,0,1,0,2.0,1.0,5.0
7044,20191201,0,16.0,5.0,-1.0,2.0,1.0,1.0,0,0,1,0,3,0,1,0,1.0,0.0,0.0
7045,20191201,1,16.0,3.0,2.0,2.0,1.0,1.0,0,0,1,0,3,0,1,0,3.0,1.0,8.0
7046,20191201,0,16.0,0.0,0.0,0.0,1.0,1.0,0,0,1,0,3,0,1,1,1.0,0.0,0.0
7047,20191201,0,16.0,2.0,-2.0,1.0,1.0,1.0,0,0,1,0,3,0,1,2,0.0,0.0,0.0
7048,20191201,0,16.0,5.0,-3.0,0.0,0.0,0.0,3,0,1,1,3,0,1,0,2.0,0.0,0.0
7050,20191201,1,16.0,5.0,-5.0,0.0,0.0,0.0,2,0,0,2,3,0,1,0,2.0,1.0,6.0
7051,20191201,0,16.0,6.0,-2.0,0.0,1.0,1.0,0,0,1,0,3,0,1,0,3.0,0.0,5.0
7052,20191201,1,16.0,7.0,-1.0,0.0,1.0,1.0,0,0,1,0,3,0,1,0,1.0,0.0,4.0
7054,20191201,1,16.0,2.0,2.0,0.0,1.0,1.0,0,0,1,0,3,0,1,0,2.0,1.0,0.0
7055,20191201,0,16.0,4.0,-2.0,0.0,1.0,0.0,0,0,1,0,3,0,1,2,1.0,1.0,0.0
7056,20191201,1,16.0,2.0,1.0,0.0,1.0,0.0,0,0,0,0,3,0,1,0,3.0,1.0,6.0
7057,20191201,0,16.0,0.0,1.0,0.0,1.0,1.0,0,0,1,0,3,0,1,0,0.0,0.0,0.0
7058,20191201,0,16.0,4.0,-4.0,0.0,0.0,0.0,2,0,0,0,3,0,1,0,1.0,0.0,0.0
7059,20191201,0,16.0,1.0,0.0,1.0,1.0,1.0,0,0,1,0,3,0,1,2,1.0,1.0,0.0
7060,20191201,0,16.0,6.0,4.0,2.0,1.0,1.0,0,0,1,0,3,0,1,0,2.0,0.0,0.0
7061,20191201,0,16.0,5.0,-1.0,2.0,1.0,1.0,0,0,1,0,3,0,1,2,2.0,1.0,2.0
7062,20191201,0,16.0,6.0,-2.0,2.0,1.0,1.0,0,0,1,0,3,0,1,0,1.0,0.0,0.0
7063,20191201,1,16.0,5.0,0.0,2.0,0.0,1.0,2,0,1,1,3,0,1,0,1.0,0.0,5.0
7064,20191201,1,16.0,4.0,-3.0,2.0,1.0,0.0,0,0,1,0,3,0,1,0,2.0,0.0,8.0
7065,20191201,1,16.0,9.0,0.0,0.0,1.0,0.0,2,0,1,0,3,0,1,0,3.0,1.0,3.0
7066,20191201,0,16.0,2.0,-2.0,0.0,1.0,1.0,0,0,1,0,3,0,1,2,0.0,0.0,0.0
7069,20191201,0,16.0,3.0,-3.0,0.0,1.0,1.0,0,0,1,0,3,0,1,0,0.0,1.0,0.0
7070,20191201,0,16.0,2.0,0.0,0.0,1.0,1.0,0,0,1,0,3,0,1,0,1.0,0.0,5.0
7071,20191201,1,16.0,7.0,-3.0,0.0,1.0,1.0,1,0,1,0,3,0,1,0,2.0,0.0,4.0
7072,20191201,0,16.0,0.0,0.0,0.0,0.0,1.0,2,0,1,0,3,0,1,2,3.0,1.0,5.0
7073,20191201,0,16.0,0.0,0.0,2.0,1.0,1.0,0,0,1,0,3,0,1,0,2.0,0.0,2.0
7074,20191201,0,16.0,5.0,5.0,2.0,1.0,0.0,1,0,1,0,3,0,1,0,1.0,0.0,0.0
7075,20191201,1,16.0,8.0,-4.0,2.0,1.0,0.0,1,0,0,0,3,0,1,0,2.0,1.0,7.0
7076,20191201,0,16.0,7.0,-2.0,0.0,1.0,1.0,0,0,1,0,3,0,1,0,2.0,0.0,0.0
7077,20191201,0,16.0,6.0,0.0,0.0,1.0,1.0,0,0,1,0,3,0,1,0,0.0,0.0,0.0
7078,20191201,1,16.0,4.0,-4.0,1.0,1.0,1.0,0,0,1,0,3,0,1,0,1.0,0.0,6.0
7079,20191201,0,16.0,5.0,0.0,0.0,0.0,1.0,2,0,1,0,3,0,1,1,2.0,1.0,0.0
7080,20191201,0,16.0,7.0,-5.0,0.0,1.0,1.0,0,0,1,0,3,0,1,0,1.0,0.0,0.0
7081,20191201,0,16.0,1.0,0.0,2.0,1.0,1.0,0,0,1,0,3,0,1,0,1.0,0.0,0.0
7082,20191201,0,16.0,0.0,0.0,2.0,1.0,1.0,0,0,1,0,3,0,1,0,1.0,1.0,0.0
7083,20191201,0,16.0,6.0,-1.0,1.0,0.0,0.0,2,0,0,0,3,0,1,0,3.0,0.0,0.0
7084,20191201,1,16.0,8.0,-3.0,2.0,0.0,0.0,3,0,0,3,3,0,1,2,3.0,1.0,5.0
7085,20191201,0,16.0,5.0,2.0,0.0,1.0,1.0,0,0,1,0,3,0,1,0,1.0,0.0,0.0
7086,20191201,0,16.0,3.0,-2.0,0.0,1.0,1.0,0,0,1,0,3,0,1,0,1.0,1.0,0.0
7088,20191201,1,16.0,0.0,0.0,2.0,0.0,0.0,1,0,0,0,3,0,1,0,0.0,0.0,8.0
7091,20191201,0,16.0,5.0,-2.0,2.0,1.0,0.0,0,0,1,0,3,0,1,0,0.0,0.0,2.0
7092,20191201,0,16.0,8.0,-4.0,2.0,1.0,1.0,0,0,1,0,3,0,1,2,2.0,0.0,6.0
7093,20191201,0,16.0,6.0,-1.0,2.0,1.0,0.0,0,0,1,0,3,0,1,0,2.0,1.0,0.0
7094,20191201,0,16.0,8.0,0.0,1.0,1.0,0.0,1,0,1,0,3,0,1,0,1.0,0.0,0.0
7095,20191201,0,16.0,7.0,1.0,0.0,1.0,1.0,1,0,1,0,3,0,1,0,1.0,1.0,0.0
7096,20191201,0,16.0,6.0,4.0,0.0,1.0,1.0,0,0,1,1,3,0,1,0,1.0,0.0,0.0
7097,20191201,0,16.0,8.0,-2.0,2.0,1.0,1.0,0,0,1,0,3,0,1,0,1.0,0.0,2.0
7099,20191201,0,16.0,9.0,-9.0,0.0,1.0,1.0,1,0,1,0,3,0,1,0,1.0,0.0,0.0
7100,20191201,0,16.0,2.0,-2.0,2.0,1.0,1.0,0,0,1,0,3,0,1,0,0.0,0.0,0.0
7101,20191201,0,16.0,7.0,-4.0,2.0,1.0,1.0,0,0,1,0,3,0,1,0,1.0,0.0,0.0
7102,20191201,0,16.0,3.0,-2.0,1.0,1.0,1.0,0,0,1,0,3,0,1,0,1.0,0.0,0.0
7103,20191201,1,16.0,7.0,-2.0,2.0,0.0,1.0,2,0,0,0,3,0,1,0,1.0,1.0,5.0
7104,20191201,0,16.0,7.0,-6.0,1.0,1.0,0.0,0,0,1,0,3,0,1,0,2.0,0.0,0.0
7105,20191201,0,16.0,2.0,8.0,0.0,1.0,0.0,2,1,1,0,3,0,1,0,1.0,0.0,0.0
7106,20191201,0,16.0,0.0,10.0,0.0,0.0,1.0,3,1,1,0,3,0,1,0,3.0,0.0,0.0
7107,20191201,1,16.0,2.0,3.0,1.0,1.0,1.0,0,0,1,0,3,0,1,0,2.0,0.0,6.0
7108,20191201,0,16.0,7.0,-3.0,1.0,1.0,1.0,0,0,1,0,3,0,1,0,1.0,1.0,6.0
7109,20191201,1,16.0,0.0,0.0,0.0,1.0,0.0,0,0,1,0,3,0,1,0,2.0,0.0,8.0
7110,20191201,0,16.0,3.0,2.0,0.0,1.0,1.0,0,0,1,0,3,0,1,0,1.0,0.0,0.0
7112,20191201,0,16.0,5.0,-5.0,0.0,1.0,1.0,0,0,1,0,3,0,1,0,1.0,0.0,0.0
7113,20191201,1,16.0,3.0,1.0,2.0,0.0,0.0,2,0,0,1,3,0,1,0,1.0,0.0,0.0
7114,20191201,0,16.0,5.0,-2.0,2.0,1.0,0.0,1,0,1,0,3,0,1,0,1.0,1.0,0.0
7115,20191201,0,16.0,5.0,1.0,1.0,1.0,0.0,0,0,1,0,3,0,1,0,3.0,1.0,0.0
7116,20191201,1,16.0,7.0,-2.0,0.0,1.0,1.0,1,0,1,0,3,0,1,2,3.0,1.0,1.0
7117,20191201,0,16.0,3.0,1.0,0.0,1.0,1.0,0,0,1,0,3,0,1,0,1.0,1.0,0.0
7118,20191201,1,16.0,0.0,0.0,0.0,1.0,0.0,0,0,1,0,3,0,1,0,0.0,1.0,8.0
7119,20191201,0,16.0,2.0,-2.0,2.0,0.0,0.0,1,0,0,0,3,0,1,0,2.0,1.0,8.0
7120,20191201,0,16.0,6.0,-1.0,1.0,1.0,0.0,1,0,1,0,3,0,1,0,0.0,1.0,0.0
7121,20191201,0,16.0,1.0,0.0,2.0,1.0,1.0,0,0,1,0,3,0,1,0,1.0,0.0,0.0
7122,20191201,0,16.0,1.0,0.0,0.0,0.0,1.0,2,0,1,0,3,0,1,0,0.0,1.0,0.0
7123,20191201,0,16.0,0.0,0.0,0.0,1.0,1.0,0,0,1,0,2,0,1,1,1.0,0.0,0.0
7124,20191201,1,16.0,4.0,-2.0,2.0,1.0,0.0,0,0,0,1,3,0,1,0,1.0,0.0,7.0
7125,20191201,0,16.0,1.0,1.0,2.0,1.0,0.0,0,0,0,0,3,0,1,0,2.0,0.0,3.0
7128,20191201,1,16.0,4.0,4.0,0.0,1.0,1.0,0,0,1,0,3,0,1,2,0.0,0.0,6.0
7129,20191201,0,16.0,2.0,0.0,0.0,1.0,0.0,0,0,1,0,3,0,1,0,2.0,1.0,0.0
7130,20191201,0,16.0,0.0,0.0,1.0,0.0,0.0,2,0,1,0,3,0,1,0,1.0,0.0,0.0
7131,20191201,1,16.0,2.0,0.0,2.0,1.0,0.0,0,0,1,0,3,0,1,0,1.0,1.0,4.0
7132,20191201,1,16.0,6.0,-1.0,0.0,0.0,0.0,3,0,0,1,3,0,1,0,1.0,0.0,0.0
7133,20191201,0,16.0,0.0,0.0,0.0,1.0,0.0,0,0,1,0,3,0,1,2,0.0,0.0,2.0
7134,20191201,1,16.0,5.0,0.0,1.0,1.0,1.0,1,0,1,0,3,0,1,0,1.0,1.0,0.0
7135,20191201,1,16.0,7.0,-2.0,0.0,1.0,0.0,0,0,1,0,3,0,1,0,2.0,0.0,6.0
7136,20191201,0,16.0,5.0,-5.0,2.0,1.0,1.0,0,0,1,0,3,0,1,0,0.0,1.0,0.0
7137,20191201,0,16.0,3.0,-3.0,0.0,1.0,0.0,0,0,1,0,3,0,1,0,2.0,1.0,0.0
8001,20191201,1,17.0,2.0,8.0,0.0,0.0,0.0,3,1,0,3,3,0,1,0,3.0,1.0,0.0
8002,20191201,0,17.0,6.0,-3.0,2.0,1.0,1.0,0,0,1,0,3,0,1,0,2.0,1.0,3.0
8003,20191201,1,17.0,8.0,-3.0,2.0,1.0,1.0,0,0,1,0,3,0,1,0,3.0,1.0,6.0
8004,20191201,1,17.0,6.0,-6.0,0.0,0.0,1.0,2,0,1,0,3,0,1,2,1.0,1.0,4.0
8005,20191201,0,17.0,7.0,-5.0,1.0,1.0,1.0,1,0,1,0,3,0,1,0,1.0,0.0,0.0
8006,20191201,0,17.0,2.0,-1.0,2.0,1.0,1.0,0,0,1,0,3,0,1,0,1.0,0.0,0.0
8007,20191201,1,17.0,2.0,0.0,0.0,1.0,1.0,0,0,1,0,3,0,1,3,2.0,1.0,3.0
8008,20191201,1,17.0,0.0,0.0,0.0,0.0,1.0,0,0,0,0,3,0,1,0,1.0,1.0,1.0
8009,20191201,0,17.0,4.0,-4.0,2.0,1.0,1.0,0,0,1,0,3,0,1,1,2.0,0.0,0.0
8010,20191201,0,17.0,3.0,-2.0,2.0,1.0,1.0,0,0,1,0,3,0,1,0,0.0,0.0,0.0
8011,20191201,1,17.0,7.0,-2.0,2.0,1.0,1.0,1,0,1,0,3,0,1,0,3.0,0.0,0.0
8012,20191201,0,17.0,7.0,-2.0,1.0,1.0,0.0,1,0,1,1,3,0,1,1,1.0,1.0,0.0
8014,20191201,1,17.0,7.0,0.0,0.0,1.0,0.0,2,0,1,0,3,0,1,0,1.0,0.0,0.0
8015,20191201,1,17.0,1.0,0.0,0.0,0.0,1.0,2,0,0,0,3,0,1,1,2.0,1.0,0.0
8017,20191201,0,17.0,4.0,-1.0,2.0,0.0,1.0,1,0,1,1,3,0,1,0,2.0,1.0,6.0
8018,20191201,0,17.0,3.0,0.0,2.0,1.0,1.0,0,0,1,0,3,0,1,0,0.0,0.0,0.0
8019,20191201,1,17.0,0.0,0.0,0.0,0.0,0.0,2,0,0,0,3,0,1,0,0.0,1.0,0.0
8020,20191201,0,17.0,0.0,0.0,2.0,1.0,1.0,0,0,1,0,3,0,1,0,0.0,0.0,0.0
8022,20191201,0,17.0,3.0,-3.0,1.0,0.0,0.0,2,0,1,0,3,0,1,0,3.0,1.0,3.0
8023,20191201,0,17.0,4.0,-3.0,1.0,1.0,0.0,0,0,1,0,3,0,1,0,2.0,0.0,0.0
8025,20191201,0,17.0,6.0,-1.0,2.0,1.0,1.0,0,0,1,0,3,0,1,0,0.0,0.0,0.0
8026,20191201,0,17.0,9.0,-3.0,0.0,1.0,1.0,1,0,1,0,3,0,1,0,2.0,0.0,0.0
8027,20191201,1,17.0,5.0,-1.0,0.0,1.0,0.0,0,0,1,0,3,0,1,0,1.0,0.0,5.0
8028,20191201,1,17.0,5.0,-1.0,2.0,0.0,0.0,2,0,0,3,3,0,1,0,1.0,1.0,3.0
8030,20191201,1,17.0,4.0,-2.0,1.0,0.0,0.0,2,0,1,3,3,0,1,2,2.0,0.0,0.0
8031,20191201,1,17.0,8.0,-3.0,0.0,0.0,0.0,3,0,0,0,3,0,1,2,2.0,0.0,3.0
8032,20191201,0,17.0,2.0,-1.0,0.0,1.0,1.0,0,0,1,0,3,0,1,0,1.0,0.0,0.0
8033,20191201,1,17.0,5.0,0.0,1.0,1.0,0.0,0,0,1,0,3,0,1,0,2.0,1.0,0.0
8034,20191201,1,17.0,2.0,1.0,1.0,1.0,1.0,0,0,1,0,3,0,1,0,0.0,1.0,8.0
8035,20191201,0,17.0,1.0,-1.0,2.0,0.0,0.0,1,0,0,0,3,0,1,0,2.0,1.0,0.0
8036,20191201,0,17.0,6.0,-6.0,0.0,1.0,1.0,0,0,1,0,3,0,1,0,1.0,0.0,0.0
8037,20191201,1,17.0,2.0,-1.0,0.0,1.0,1.0,0,0,1,0,3,0,1,0,2.0,1.0,0.0
8038,20191201,0,17.0,0.0,7.0,2.0,1.0,1.0,0,0,1,0,3,0,1,0,0.0,0.0,0.0
8039,20191201,1,17.0,2.0,1.0,2.0,0.0,0.0,2,1,0,1,3,0,1,0,1.0,1.0,0.0
8040,20191201,1,17.0,0.0,0.0,0.0,0.0,0.0,2,0,0,0,3,0,1,2,2.0,1.0,3.0
8041,20191201,1,17.0,6.0,-5.0,2.0,1.0,0.0,0,0,1,0,3,0,1,0,2.0,1.0,5.0
8043,20191201,1,17.0,7.0,0.0,0.0,0.0,0.0,3,0,0,1,3,0,1,0,1.0,1.0,0.0
8044,20191201,1,17.0,8.0,-3.0,0.0,0.0,0.0,3,0,0,0,3,0,1,0,1.0,0.0,1.0
8045,20191201,0,17.0,7.0,-5.0,1.0,1.0,1.0,1,0,1,0,3,0,1,0,0.0,0.0,0.0
8046,20191201,1,17.0,8.0,-3.0,0.0,1.0,1.0,1,0,1,0,3,0,1,0,2.0,0.0,0.0
8047,20191201,0,17.0,4.0,6.0,2.0,1.0,0.0,0,0,1,3,3,0,1,2,0.0,1.0,0.0
8048,20191201,0,17.0,4.0,-2.0,0.0,1.0,1.0,0,0,1,0,3,0,1,0,1.0,0.0,0.0
8049,20191201,0,17.0,0.0,0.0,2.0,1.0,0.0,0,0,1,0,3,0,1,0,1.0,1.0,0.0
8050,20191201,0,17.0,2.0,-2.0,0.0,1.0,1.0,0,0,1,0,3,0,1,0,1.0,1.0,0.0
8051,20191201,0,17.0,2.0,-2.0,0.0,1.0,1.0,0,0,1,0,3,0,1,0,0.0,1.0,0.0
8052,20191201,1,17.0,6.0,2.0,1.0,0.0,0.0,3,0,0,1,3,0,1,1,3.0,1.0,6.0
8054,20191201,0,17.0,2.0,-2.0,1.0,1.0,1.0,0,0,1,0,3,0,1,0,0.0,0.0,0.0
8055,20191201,1,17.0,4.0,-2.0,1.0,1.0,1.0,0,0,1,0,3,0,1,0,1.0,0.0,0.0
8056,20191201,1,17.0,7.0,0.0,0.0,1.0,0.0,1,0,1,0,3,0,1,0,2.0,1.0,6.0
8057,20191201,1,17.0,5.0,-3.0,0.0,1.0,1.0,0,0,1,0,3,0,1,0,2.0,1.0,0.0
8058,20191201,1,17.0,6.0,-6.0,0.0,1.0,1.0,0,0,1,0,3,0,1,0,1.0,0.0,4.0
8059,20191201,0,17.0,4.0,-4.0,2.0,1.0,0.0,0,0,1,0,3,0,1,0,0.0,0.0,0.0
8060,20191201,1,17.0,6.0,-2.0,0.0,1.0,1.0,1,0,1,0,3,0,1,0,2.0,1.0,1.0
8061,20191201,1,17.0,4.0,-2.0,0.0,0.0,1.0,2,0,1,0,3,0,1,0,2.0,0.0,2.0
8062,20191201,0,17.0,5.0,-3.0,2.0,1.0,0.0,0,0,1,0,3,0,1,0,1.0,0.0,0.0
8063,20191201,0,17.0,7.0,-2.0,1.0,1.0,0.0,2,0,1,0,3,0,1,0,2.0,0.0,0.0
8064,20191201,0,17.0,4.0,-1.0,1.0,1.0,0.0,1,0,1,0,3,0,1,0,2.0,0.0,0.0
8065,20191201,1,17.0,5.0,0.0,2.0,0.0,0.0,2,0,0,0,3,0,1,0,2.0,0.0,8.0
8067,20191201,0,17.0,2.0,-2.0,0.0,1.0,1.0,1,0,1,0,3,0,1,0,0.0,0.0,0.0
8068,20191201,0,17.0,5.0,-5.0,0.0,0.0,1.0,1,0,1,0,3,0,1,0,1.0,0.0,1.0
8070,20191201,1,17.0,7.0,-5.0,0.0,1.0,1.0,0,0,1,0,3,0,1,0,2.0,0.0,5.0
8071,20191201,0,17.0,4.0,-1.0,0.0,1.0,0.0,0,0,1,0,3,0,1,1,2.0,0.0,0.0
8072,20191201,0,17.0,2.0,-1.0,0.0,1.0,1.0,0,0,1,0,3,0,1,0,1.0,0.0,0.0
8073,20191201,0,17.0,2.0,-1.0,0.0,1.0,1.0,0,0,1,0,3,0,1,0,0.0,0.0,0.0
8074,20191201,1,17.0,5.0,0.0,0.0,0.0,1.0,2,0,1,1,3,0,1,0,1.0,0.0,0.0
8075,20191201,0,17.0,3.0,2.0,0.0,0.0,1.0,2,0,1,3,3,0,1,0,1.0,0.0,0.0
8076,20191201,0,17.0,7.0,-3.0,0.0,1.0,1.0,1,0,1,0,3,0,1,0,1.0,0.0,0.0
8077,20191201,0,17.0,7.0,-1.0,0.0,1.0,1.0,0,0,1,0,3,0,1,0,1.0,0.0,0.0
8078,20191201,0,17.0,6.0,-1.0,0.0,1.0,1.0,0,0,1,0,3,0,1,0,1.0,0.0,0.0
8079,20191201,0,17.0,7.0,-1.0,0.0,1.0,0.0,1,0,1,0,3,0,1,0,1.0,0.0,0.0
8080,20191201,1,17.0,4.0,6.0,2.0,1.0,0.0,1,0,1,1,3,0,1,0,2.0,1.0,3.0
8081,20191201,1,17.0,8.0,-2.0,0.0,1.0,1.0,1,0,1,0,3,0,1,0,0.0,1.0,0.0
8082,20191201,1,17.0,7.0,2.0,0.0,1.0,1.0,0,0,1,0,3,0,1,0,2.0,1.0,1.0
8083,20191201,0,17.0,4.0,6.0,1.0,0.0,0.0,3,0,0,3,3,0,1,0,2.0,0.0,3.0
8085,20191201,0,17.0,5.0,-3.0,0.0,1.0,1.0,0,0,1,0,3,0,1,0,1.0,0.0,0.0
8086,20191201,0,17.0,5.0,-3.0,2.0,1.0,0.0,0,0,1,0,3,0,1,0,1.0,0.0,0.0
8087,20191201,1,17.0,5.0,0.0,2.0,0.0,0.0,2,0,0,3,3,0,1,0,3.0,1.0,0.0
8088,20191201,1,17.0,6.0,-2.0,1.0,1.0,0.0,1,0,1,0,3,0,1,0,2.0,0.0,0.0
8089,20191201,0,17.0,4.0,-3.0,0.0,1.0,1.0,0,0,1,0,3,0,1,0,2.0,0.0,0.0
8090,20191201,0,17.0,5.0,-1.0,0.0,1.0,1.0,0,0,1,0,3,0,1,2,1.0,0.0,0.0
8091,20191201,0,17.0,4.0,-4.0,0.0,1.0,1.0,0,0,1,0,3,0,1,0,1.0,0.0,0.0
8092,20191201,0,17.0,7.0,-7.0,0.0,1.0,0.0,0,0,1,0,3,0,1,0,1.0,0.0,0.0
8093,20191201,0,17.0,0.0,1.0,1.0,1.0,1.0,0,0,1,0,3,0,1,0,3.0,0.0,0.0
8094,20191201,0,17.0,6.0,-2.0,2.0,0.0,1.0,2,0,1,0,3,0,1,0,1.0,0.0,0.0
8095,20191201,0,17.0,6.0,-5.0,1.0,1.0,1.0,0,0,1,0,2,0,1,0,2.0,1.0,0.0
8096,20191201,0,17.0,6.0,-1.0,0.0,1.0,0.0,1,0,1,0,3,0,1,0,1.0,1.0,0.0
8097,20191201,1,17.0,7.0,-1.0,0.0,1.0,0.0,1,0,1,0,3,0,1,0,2.0,0.0,0.0
8098,20191201,0,17.0,5.0,-3.0,0.0,1.0,1.0,0,0,1,0,3,0,1,0,0.0,0.0,0.0
8099,20191201,0,17.0,7.0,-4.0,0.0,1.0,1.0,0,0,1,0,3,0,1,0,2.0,0.0,0.0
8100,20191201,1,17.0,6.0,-4.0,2.0,0.0,1.0,2,0,1,0,3,0,1,0,1.0,1.0,2.0
8101,20191201,0,17.0,6.0,-3.0,0.0,1.0,1.0,0,0,1,0,3,0,1,0,2.0,0.0,0.0
8102,20191201,1,17.0,8.0,2.0,1.0,0.0,0.0,3,0,0,3,3,0,1,0,3.0,1.0,0.0
8103,20191201,1,17.0,5.0,2.0,1.0,0.0,1.0,2,0,1,0,3,0,1,0,3.0,1.0,3.0
8105,20191201,1,17.0,6.0,1.0,0.0,1.0,1.0,0,0,1,0,3,0,1,0,3.0,0.0,0.0
8106,20191201,1,17.0,7.0,-7.0,1.0,1.0,1.0,0,0,1,0,3,0,1,3,0.0,0.0,0.0
8107,20191201,0,17.0,5.0,-5.0,0.0,1.0,1.0,0,0,1,0,3,0,1,0,2.0,0.0,5.0
8108,20191201,0,17.0,2.0,-2.0,2.0,0.0,1.0,1,0,1,0,3,0,1,0,1.0,1.0,1.0
8109,20191201,0,17.0,6.0,-5.0,2.0,0.0,0.0,2,0,0,0,3,0,1,0,1.0,0.0,3.0
8110,20191201,0,17.0,2.0,8.0,2.0,0.0,0.0,3,1,0,3,3,0,1,0,1.0,0.0,1.0
8111,20191201,0,17.0,3.0,0.0,0.0,1.0,1.0,0,0,1,0,3,0,1,0,1.0,1.0,0.0
8112,20191201,1,17.0,9.0,-2.0,0.0,1.0,1.0,1,0,1,0,3,0,1,0,3.0,0.0,4.0
8113,20191201,1,17.0,6.0,2.0,0.0,0.0,0.0,2,0,0,0,3,0,1,0,3.0,0.0,1.0
8114,20191201,1,17.0,8.0,-8.0,0.0,1.0,1.0,0,0,1,0,3,0,1,0,0.0,0.0,5.0
8115,20191201,1,17.0,1.0,9.0,2.0,1.0,1.0,1,1,0,0,3,0,1,0,0.0,0.0,3.0
8116,20191201,1,17.0,6.0,3.0,0.0,0.0,0.0,3,0,0,1,3,0,1,0,3.0,1.0,3.0
8117,20191201,0,17.0,5.0,0.0,2.0,1.0,1.0,0,0,1,0,3,0,1,1,2.0,1.0,0.0
8118,20191201,0,17.0,3.0,-3.0,0.0,0.0,1.0,1,0,1,0,3,0,1,0,2.0,0.0,0.0
8119,20191201,0,17.0,7.0,-3.0,0.0,0.0,1.0,2,0,1,1,3,0,1,0,0.0,0.0,0.0
8120,20191201,0,17.0,6.0,-3.0,0.0,1.0,0.0,1,0,1,0,3,0,1,0,3.0,0.0,0.0
8121,20191201,0,17.0,6.0,-1.0,2.0,1.0,1.0,0,0,1,0,3,0,1,0,1.0,0.0,0.0
8123,20191201,0,17.0,3.0,-1.0,0.0,1.0,1.0,0,0,1,0,3,0,1,0,3.0,0.0,0.0
8124,20191201,0,17.0,6.0,2.0,0.0,1.0,1.0,0,0,1,0,3,0,1,0,1.0,1.0,4.0
8125,20191201,0,17.0,6.0,-4.0,0.0,1.0,1.0,0,0,1,0,3,0,1,0,1.0,0.0,0.0
8126,20191201,1,17.0,5.0,-1.0,1.0,0.0,0.0,2,0,1,0,3,0,1,0,2.0,1.0,0.0
8127,20191201,1,17.0,6.0,1.0,0.0,1.0,1.0,0,0,1,0,3,0,1,0,2.0,0.0,2.0
8128,20191201,0,17.0,6.0,-3.0,1.0,0.0,0.0,2,0,1,3,3,0,1,0,3.0,1.0,3.0
8129,20191201,1,17.0,3.0,0.0,2.0,0.0,0.0,2,1,0,0,3,0,1,0,2.0,1.0,6.0
8131,20191201,0,17.0,4.0,-2.0,0.0,1.0,1.0,0,0,1,0,3,0,1,0,1.0,1.0,0.0
8132,20191201,1,17.0,2.0,0.0,0.0,1.0,1.0,0,0,1,0,3,0,1,3,1.0,0.0,0.0
8133,20191201,0,17.0,0.0,0.0,1.0,1.0,1.0,0,0,1,0,3,0,1,0,1.0,1.0,2.0
8134,20191201,1,17.0,4.0,4.0,0.0,1.0,1.0,0,0,1,0,3,0,1,0,3.0,0.0,0.0
